id,name,applicable,eliminated,elim_rate
0F001_ONES,Eliminate combos where combo sum equals 1 [ones-adapted],154,154,1.0
NO4F002_ONES,"XXXIf seed includes 4,5,6,8 eliminate all even-sum combos [ones-adapted]",154,154,1.0
NO2F003_ONES,"If seed includes 1,2,4,7 eliminate all even-sum combos [ones-adapted]",154,154,1.0
NO2F004_ONES,"If seed includes 1,2,6,8 eliminate all even-sum combos [ones-adapted]",154,154,1.0
NO3F005_ONES,"If seed includes 5,7,8,9 eliminate all even-sum combos [ones-adapted]",154,154,1.0
NO3F006_ONES,"If seed includes 4,6,7,8 eliminate all even-sum combos [ones-adapted]",154,154,1.0
NO4F007_ONES,"xxxIf seed includes 4,5,6,7 eliminate all odd-sum combos [ones-adapted]",154,154,1.0
NO2F008_ONES,"If seed includes 3,6,7,8 eliminate all even-sum combos [ones-adapted]",154,154,1.0
NO2F009_ONES,"If seed includes 2,5,8,9 eliminate all odd-sum combos [ones-adapted]",154,154,1.0
NO3F010_ONES,"xxxIf seed includes 3,4,5,8 eliminate all odd-sum combos [ones-adapted]",154,154,1.0
NO10F011_ONES,"If seed includes 2,3,6,9 eliminate all even-sum combos [ones-adapted]",154,154,1.0
NO6F012_ONES,"If seed includes 1,3,6,8 eliminate all even-sum combos [ones-adapted]",154,154,1.0
NO11F013_ONES,"xxxIf seed includes 1,3,4,9 eliminate all odd-sum combos [ones-adapted]",154,154,1.0
NO9F014_ONES,"xxIf seed includes 0,5,7,9 eliminate all odd-sum combos [ones-adapted]",154,154,1.0
NO12F015_ONES,"If seed includes 0,3,4,7 eliminate all odd-sum combos [ones-adapted]",154,154,1.0
NO7F016_ONES,"xxIf seed includes 3,5,7,8 eliminate all even-sum combos [ones-adapted]",154,154,1.0
NO9F017_ONES,"If seed includes 2,4,5,7 eliminate all odd-sum combos [ones-adapted]",154,154,1.0
NO10F018_ONES,"NOOOIf seed includes 1,2,6,7 eliminate all odd-sum combos [ones-adapted]",154,154,1.0
NO9F019_ONES,"xxIf seed includes 1,2,4,6 eliminate all odd-sum combos [ones-adapted]",154,154,1.0
NO5F020_ONES,"If seed includes 1,4,5,9 eliminate all even-sum combos [ones-adapted]",154,154,1.0
NO6F021_ONES,"xxIf seed includes 0,5,6,7 eliminate all even-sum combos [ones-adapted]",154,154,1.0
NO11F022_ONES,"xIf seed includes 1,5,6,9 eliminate all odd-sum combos [ones-adapted]",154,154,1.0
NO8F023_ONES,"xxIf seed includes 0,1,5,9 eliminate all even-sum combos [ones-adapted]",154,154,1.0
NO6F024_ONES,"nooooIf seed includes 0,3,6,9 eliminate all even-sum combos [ones-adapted]",154,154,1.0
NO10F025_ONES,"xxIf seed includes 1,2,5,7 eliminate all odd-sum combos [ones-adapted]",154,154,1.0
NO9F026_ONES,"xxIf seed includes 0,1,2,4 eliminate all even-sum combos [ones-adapted]",154,154,1.0
NO5F027_ONES,"nooooIf seed includes 0,1,7,8 eliminate all even-sum combos [ones-adapted]",154,154,1.0
NO7F028_ONES,"noooIf seed includes 2,5,6,8 eliminate all even-sum combos [ones-adapted]",154,154,1.0
NO8F029_ONES,"If seed includes 0,1,5,8 eliminate all odd-sum combos [ones-adapted]",154,154,1.0
NO10F030_ONES,"If seed includes 2,3,4,5 eliminate all even-sum combos [ones-adapted]",154,154,1.0
NO8F031_ONES,"If seed includes 0,4,5,8 eliminate all even-sum combos [ones-adapted]",154,154,1.0
NO7F032_ONES,"nooooIf seed includes 2,5,6,9 eliminate all even-sum combos [ones-adapted]",154,154,1.0
NO10F033_ONES,"If seed includes 1,2,6,8 eliminate all even-sum combos [ones-adapted]",154,154,1.0
NO6F034_ONES,"If seed includes 0,5,8,9 eliminate all even-sum combos [ones-adapted]",154,154,1.0
NO9F035_ONES,"xxIf seed includes 0,1,3,5 eliminate all even-sum combos [ones-adapted]",154,154,1.0
NO5F036_ONES,"noooIf seed includes 0,2,6,9 eliminate all even-sum combos [ones-adapted]",154,154,1.0
NO11F037_ONES,"If seed includes 2,3,7,8 eliminate all even-sum combos [ones-adapted]",154,154,1.0
NO12F038_ONES,"xxIf seed includes 1,3,7,8 eliminate all odd-sum combos [ones-adapted]",154,154,1.0
NO9F039_ONES,"noooIf seed includes 2,3,5,7 eliminate all even-sum combos [ones-adapted]",154,154,1.0
NO10F040_ONES,"xxIf seed includes 1,2,3,4 eliminate all even-sum combos [ones-adapted]",154,154,1.0
NO12F041_ONES,"xxIf seed includes 0,3,5,8 eliminate all even-sum combos [ones-adapted]",154,154,1.0
NO0F042_ONES,"noooIf seed includes 0,2,3,9 eliminate all even-sum combos [ones-adapted]",154,154,1.0
NO4F043_ONES,"xxIf seed includes 3,4,5,9 eliminate all odd-sum combos [ones-adapted]",154,154,1.0
NO11F044_ONES,"If seed includes 1,3,6,7 eliminate all even-sum combos [ones-adapted]",154,154,1.0
NO5F045_ONES,"xxIf seed includes 1,2,3,6 eliminate all even-sum combos [ones-adapted]",154,154,1.0
NO8F046_ONES,"If seed includes 4,6,8,9 eliminate all even-sum combos [ones-adapted]",154,154,1.0
NO4F047_ONES,"If seed includes 0,2,7,9 eliminate all odd-sum combos [ones-adapted]",154,154,1.0
NO2F048_ONES,"xxIf seed includes 0,2,4,6 eliminate all odd-sum combos [ones-adapted]",154,154,1.0
NO2F049_ONES,"If seed includes 0,2,3,7 eliminate all odd-sum combos [ones-adapted]",154,154,1.0
NO2F050_ONES,"If seed includes 0,1,7,9 eliminate all odd-sum combos [ones-adapted]",154,154,1.0
NO1F051_ONES,"If seed includes 0,1,3,6 eliminate all odd-sum combos [ones-adapted]",154,154,1.0
NO3F052_ONES,"If seed is FullHouse structure, eliminate even-sum combos [ones-adapted]",154,154,1.0
NO202F053_ONES,XXXEliminate combo missing new digits from seed vs prev_seed [ones-adapted],154,154,1.0
NO147F054_ONES,XXXEliminate combo with >2 digits from both prev draws [ones-adapted],154,154,1.0
NO91F055_ONES,XXEliminate combo missing at least 2 digits from last 2 draws combined [ones-adapted],154,154,1.0
NO643F056_ONES,DNUEliminate combo with at least 2 distinct digits from last 2 draws [ones-adapted],154,154,1.0
NO95F057_ONES,XXEliminate combo missing any new digit vs last 2 draws [ones-adapted],154,154,1.0
6F058_ONES,If seed_sum ends in 7 and combo_sum ends in 8 eliminate [ones-adapted],154,154,1.0
7F059_ONES,If seed_sum ends in 4 and combo_sum ends in 8 eliminate [ones-adapted],154,154,1.0
8F060_ONES,If seed_sum ends in 1 and combo_sum ends in 7 eliminate [ones-adapted],154,154,1.0
0F062_ONES,XXIf seed_sum ends in 4 and combo_sum ends in 6 eliminate [ones-adapted],154,154,1.0
0F064_ONES,XIf seed_sum ends in 8 and combo_sum ends in 5 eliminate [ones-adapted],154,154,1.0
0F065_ONES,xIf seed_sum ends in 0 and combo_sum ends in 4 eliminate [ones-adapted],154,154,1.0
1F066_ONES,"XIf seed includes 0,2,8,9 eliminate all odd-sum combos [ones-adapted]",154,154,1.0
4F067_ONES,"XIf seed includes 0,1,4,8 eliminate all even-sum combos [ones-adapted]",154,154,1.0
2F068_ONES,"XIf seed includes 0,3,5,7 eliminate all even-sum combos [ones-adapted]",154,154,1.0
2F069_ONES,"XIf seed includes 0,3,7,8 eliminate all odd-sum combos [ones-adapted]",154,154,1.0
3F070_ONES,"XIf seed includes 4,6,7,9 eliminate all even-sum combos [ones-adapted]",154,154,1.0
3F071_ONES,"noooIf seed includes 4,5,6,9 eliminate all odd-sum combos [ones-adapted]",154,154,1.0
3F072_ONES,"If seed includes 3,6,8,9 eliminate all even-sum combos [ones-adapted]",154,154,1.0
1F073_ONES,"xxIf seed includes 3,4,6,9 eliminate all odd-sum combos [ones-adapted]",154,154,1.0
1F074_ONES,"noooIf seed includes 3,4,6,7 eliminate all odd-sum combos [ones-adapted]",154,154,1.0
2F075_ONES,"xxIf seed includes 2,7,8,9 eliminate all odd-sum combos [ones-adapted]",154,154,1.0
1F076_ONES,"If seed includes 2,6,8,9 eliminate all even-sum combos [ones-adapted]",154,154,1.0
1F077_ONES,"If seed includes 2,4,8,9 eliminate all odd-sum combos [ones-adapted]",154,154,1.0
4F078_ONES,"xxIf seed includes 2,4,5,9 eliminate all odd-sum combos [ones-adapted]",154,154,1.0
3F079_ONES,"noooIf seed includes 2,3,8,9 eliminate all odd-sum combos [ones-adapted]",154,154,1.0
0F080_ONES,"noooIf seed includes 2,3,5,8 eliminate all odd-sum combos [ones-adapted]",154,154,1.0
2F081_ONES,"If seed includes 1,7,8,9 eliminate all odd-sum combos [ones-adapted]",154,154,1.0
2F082_ONES,"If seed includes 1,5,6,8 eliminate all even-sum combos [ones-adapted]",154,154,1.0
3F083_ONES,"xxIf seed includes 1,4,7,8 eliminate all even-sum combos [ones-adapted]",154,154,1.0
5F084_ONES,"If seed includes 1,4,6,8 eliminate all even-sum combos [ones-adapted]",154,154,1.0
2F085_ONES,"xxIf seed includes 1,4,6,7 eliminate all even-sum combos [ones-adapted]",154,154,1.0
3F086_ONES,"xIf seed includes 1,3,8,9 eliminate all even-sum combos [ones-adapted]",154,154,1.0
2F087_ONES,"xxIf seed includes 0,6,7,8 eliminate all odd-sum combos [ones-adapted]",154,154,1.0
3F088_ONES,"If seed includes 0,3,7,9 eliminate all even-sum combos [ones-adapted]",154,154,1.0
1F089_ONES,"xxIf seed includes 0,3,6,7 eliminate all odd-sum combos [ones-adapted]",154,154,1.0
4F090_ONES,If seed_sum ends in 3 and combo_sum ends in 3 eliminate [ones-adapted],154,154,1.0
4F091_ONES,"If seed includes 0,4,5,9 eliminate all even-sum combos [ones-adapted]",154,154,1.0
3F092_ONES,"If seed includes 0,1,8,9 eliminate all even-sum combos [ones-adapted]",154,154,1.0
1F093_ONES,"If seed includes 0,2,3,4 eliminate all odd-sum combos [ones-adapted]",154,154,1.0
3F094_ONES,"If seed includes 0,4,5,6 eliminate all even-sum combos [ones-adapted]",154,154,1.0
3F095_ONES,"noooIf seed includes 0,1,2,6 eliminate all odd-sum combos [ones-adapted]",154,154,1.0
2F096_ONES,"If seed includes 0,2,6,7 eliminate all odd-sum combos [ones-adapted]",154,154,1.0
2F097_ONES,"If seed includes 0,1,6,9 eliminate all even-sum combos [ones-adapted]",154,154,1.0
3F098_ONES,"If seed includes 6,7,8,9 eliminate all even-sum combos [ones-adapted]",154,154,1.0
1F099_ONES,"If seed includes 2,3,6,7 eliminate all even-sum combos [ones-adapted]",154,154,1.0
2F100_ONES,"If seed includes 5,6,8,9 eliminate all even-sum combos [ones-adapted]",154,154,1.0
3F101_ONES,"If seed includes 0,3,4,5 eliminate all even-sum combos [ones-adapted]",154,154,1.0
3F102_ONES,"xIf seed includes 3,7,8,9 eliminate all even-sum combos [ones-adapted]",154,154,1.0
3F103_ONES,"If seed includes 3,4,5,7 eliminate all odd-sum combos [ones-adapted]",154,154,1.0
3F104_ONES,"xIf seed includes 3,4,5,6 eliminate all even-sum combos [ones-adapted]",154,154,1.0
4F105_ONES,"nooooIf seed includes 2,5,7,8 eliminate all odd-sum combos [ones-adapted]",154,154,1.0
3F106_ONES,"xIf seed includes 2,4,6,7 eliminate all even-sum combos [ones-adapted]",154,154,1.0
2F107_ONES,"noooIf seed includes 2,4,5,8 eliminate all odd-sum combos [ones-adapted]",154,154,1.0
1F108_ONES,"xIf seed includes 1,5,7,9 eliminate all odd-sum combos [ones-adapted]",154,154,1.0
4F109_ONES,"If seed includes 1,4,6,9 eliminate all odd-sum combos [ones-adapted]",154,154,1.0
0F110_ONES,"noooIf seed includes 1,4,5,7 eliminate odd-sum combos [ones-adapted]",154,154,1.0
4F111_ONES,"If seed includes 3,4,8,9 eliminate odd-sum combos [ones-adapted]",154,154,1.0
4F112_ONES,"xIf seed includes 0,1,6,7 eliminate even-sum combos [ones-adapted]",154,154,1.0
7F113_ONES,"xIf seed includes 0,1,3,8 eliminate odd-sum combos [ones-adapted]",154,154,1.0
2F114_ONES,"If seed includes 0,4,5,7 eliminate odd-sum combos [ones-adapted]",154,154,1.0
5F115_ONES,"If seed includes 4,7,8,9 eliminate even-sum combos [ones-adapted]",154,154,1.0
6F116_ONES,"If seed includes 2,3,4,8 eliminate odd-sum combos [ones-adapted]",154,154,1.0
4F117_ONES,"xIf seed includes 0,2,5,8 eliminate odd-sum combos [ones-adapted]",154,154,1.0
2F118_ONES,"noooIf seed includes 0,4,7,9 eliminate even-sum combos [ones-adapted]",154,154,1.0
1F119_ONES,"xIf seed includes 2,3,5,9 eliminate even-sum combos [ones-adapted]",154,154,1.0
6F120_ONES,"If seed includes 2,3,6,8 eliminate even-sum combos [ones-adapted]",154,154,1.0
2F121_ONES,"xIf seed includes 0,4,7,8 eliminate odd-sum combos [ones-adapted]",154,154,1.0
1F122_ONES,"If seed includes 0,1,3,7 eliminate odd-sum combos [ones-adapted]",154,154,1.0
1F123_ONES,"noooIf seed includes 0,2,3,5 eliminate even-sum combos [ones-adapted]",154,154,1.0
3F124_ONES,"If seed includes 0,3,5,9 eliminate even-sum combos [ones-adapted]",154,154,1.0
7F125_ONES,"xIf seed includes 1,2,4,9 eliminate odd-sum combos [ones-adapted]",154,154,1.0
3F126_ONES,"If seed includes 3,4,6,8 eliminate even-sum combos [ones-adapted]",154,154,1.0
4F127_ONES,"If seed includes 1,2,5,8 eliminate odd-sum combos [ones-adapted]",154,154,1.0
3F128_ONES,"xIf seed includes 2,5,6,7 eliminate odd-sum combos [ones-adapted]",154,154,1.0
4F129_ONES,"xif seed includes 0,6,7,9 eliminate even-sum combos [ones-adapted]",154,154,1.0
2F130_ONES,"xIf seed includes 0,2,5,6 eliminate even-sum combos [ones-adapted]",154,154,1.0
3F131_ONES,"If seed includes 0,2,4,5 eliminate odd-sum combos [ones-adapted]",154,154,1.0
4F132_ONES,"xIf seed includes 0,2,6,8 eliminate odd-sum combos [ones-adapted]",154,154,1.0
2F133_ONES,"If seed includes 1,4,5,6 eliminate odd-sum combos [ones-adapted]",154,154,1.0
2F134_ONES,"nooIf seed includes 1,3,7,9 eliminate odd-sum combos [ones-adapted]",154,154,1.0
6F135_ONES,"If seed includes 1,2,8,9 eliminate odd-sum combos [ones-adapted]",154,154,1.0
3F136_ONES,"XXIf seed includes 1,2,5,6 eliminate even-sum combos [ones-adapted]",154,154,1.0
13F137_ONES,"xIf seed includes 3,4,9 eliminate odd-sum combos [ones-adapted]",154,154,1.0
13F138_ONES,"nooIf seed includes 4,6,9 eliminate odd-sum combos [ones-adapted]",154,154,1.0
8F139_ONES,"xIf seed includes 0,3,7 eliminate odd-sum combos [ones-adapted]",154,154,1.0
21F140_ONES,"xIf seed includes 3,4,8 eliminate odd-sum combos [ones-adapted]",154,154,1.0
14F141_ONES,"xIf seed includes 4,6,7 eliminate even-sum combos [ones-adapted]",154,154,1.0
19F142_ONES,"XIf seed includes 1,3,6 eliminate even-sum combos [ones-adapted]",154,154,1.0
15F143_ONES,"xIf seed includes 2,8,9 eliminate odd-sum combos [ones-adapted]",154,154,1.0
1F144_ONES,"If seed includes 1,2,3,5 eliminate even-sum combos [ones-adapted]",154,154,1.0
4F145_ONES,"nooIf seed includes 2,3,5,8 eliminate even-sum combos [ones-adapted]",154,154,1.0
0F146_ONES,"xIf seed includes 0,2,4,7 eliminate odd-sum combos [ones-adapted]",154,154,1.0
3F147_ONES,"If seed includes 0,2,3,7 eliminate odd-sum combos [ones-adapted]",154,154,1.0
2F148_ONES,"xIf seed includes 1,3,5,8 eliminate even-sum combos [ones-adapted]",154,154,1.0
4F149_ONES,"If seed includes 1,2,5,8 eliminate odd-sum combos [ones-adapted]",154,154,1.0
6F150_ONES,"xIf seed includes 2,3,6,8 eliminate even-sum combos [ones-adapted]",154,154,1.0
5F151_ONES,"If seed includes 1,4,6,8 eliminate even-sum combos [ones-adapted]",154,154,1.0
2F152_ONES,"xIf seed includes 1,3,4,7 eliminate even-sum combos [ones-adapted]",154,154,1.0
5F153_ONES,"xIf seed includes 0,2,4,6 eliminate odd-sum combos [ones-adapted]",154,154,1.0
4F154_ONES,"xIf seed includes 3,5,8,9 eliminate odd-sum combos [ones-adapted]",154,154,1.0
2F155_ONES,"xIf seed includes 0,1,4,6 eliminate odd-sum combos [ones-adapted]",154,154,1.0
16F156_ONES,"If seed includes 1,2,6 eliminate even-sum combos [ones-adapted]",154,154,1.0
2F157_ONES,"xIf seed includes 0,3,6,8 eliminate even-sum combos [ones-adapted]",154,154,1.0
9F158_ONES,"xIf seed includes 4,5,7 eliminate odd-sum combos [ones-adapted]",154,154,1.0
16F159_ONES,"XIf seed includes 3,6,9 eliminate even-sum combos [ones-adapted]",154,154,1.0
2F160_ONES,"xIf seed includes 1,3,4,7 eliminate even-sum combos [ones-adapted]",154,154,1.0
5F161_ONES,"xIf seed includes 1,3,5,7 eliminate even-sum combos [ones-adapted]",154,154,1.0
2F162_ONES,"If seed includes 0,7,8,9 eliminate odd-sum combos [ones-adapted]",154,154,1.0
3F163_ONES,"If seed includes 1,3,5,6 eliminate odd-sum combos [ones-adapted]",154,154,1.0
5F164_ONES,"xIf seed includes 1,3,4,6 eliminate even-sum combos [ones-adapted]",154,154,1.0
6F165_ONES,"xIf seed includes 2,4,5,6 eliminate even-sum combos [ones-adapted]",154,154,1.0
5F166_ONES,"If seed includes 1,2,6,8 eliminate even-sum combos [ones-adapted]",154,154,1.0
18F167_ONES,"nooIf seed includes 0,1,4 eliminate even-sum combos [ones-adapted]",154,154,1.0
13F168_ONES,"xIf seed includes 0,1,2 eliminate even-sum combos [ones-adapted]",154,154,1.0
12F169_ONES,"xIf seed includes 0,8,9 eliminate even-sum combos [ones-adapted]",154,154,1.0
18F170_ONES,"If seed includes 0,4,8 eliminate even-sum combos [ones-adapted]",154,154,1.0
14F171_ONES,"noooIf seed includes 1,2,5 eliminate even-sum combos [ones-adapted]",154,154,1.0
15F172_ONES,"xIf seed includes 4,5,8 eliminate even-sum combos [ones-adapted]",154,154,1.0
21F173_ONES,"nooIf seed includes 1,7,8 eliminate even-sum combos [ones-adapted]",154,154,1.0
15F174_ONES,"nooIf seed includes 2,7,8 eliminate even-sum combos [ones-adapted]",154,154,1.0
10F175_ONES,"If seed includes 2,3,5 eliminate even-sum combos [ones-adapted]",154,154,1.0
21F176_ONES,"xIf seed includes 1,2,9 eliminate odd-sum combos [ones-adapted]",154,154,1.0
15F177_ONES,"xIf seed includes 4,5,6 eliminate odd-sum combos [ones-adapted]",154,154,1.0
8F178_ONES,"xIf seed includes 1,2,5,9 eliminate odd-sum combos [ones-adapted]",154,154,1.0
7F179_ONES,If seed_sum ends in 3 and combo_sum ends in 1 eliminate [ones-adapted],154,154,1.0
91F180_ONES,XEliminate combo with ≥5 shared digits with seed and sum <22 [ones-adapted],154,154,1.0
NO124F181_ONES,XEliminate if seed sum 16-24 and combo sum 25-33 [ones-adapted],154,154,1.0
NO33F182_ONES,XEliminate if seed sum 25-33 and combo sum 0-15 [ones-adapted],154,154,1.0
01F183_ONES,"Eliminate if ≥4 prime digits (2,3,5,7) and combo is single (5 unique digits) [ones-adapted]",154,154,1.0
NO262F184_ONES,XEliminate if combo contains no  digit and its mirror [ones-adapted],154,154,1.0
NO82F185_ONES,DUBDUBEliminate combos with exactly 3 unique digits where two appear twice [ones-adapted],154,154,1.0
63F186_ONES,TRIPEliminate combos with three identical digits [ones-adapted],154,154,1.0
3F187_ONES,Eliminate combos with four identical digits [ones-adapted],154,154,1.0
NO15F188_ONES,XEliminate combos if combo sum equals mirror of seed sum [ones-adapted],154,154,1.0
NO101F189_ONES,XEliminate if no combo digit in due_digits [ones-adapted],154,154,1.0
71F190_ONES,XEliminate if combo sum last digit equals seed sum first digit [ones-adapted],154,154,1.0
NO6F191_ONES,XEliminate if seed has 0 and 7 and combo sum <8 or >28 [ones-adapted],154,154,1.0
1F192_ONES,XEliminate if seed has 0 and 6 and combo sum <8 or >29 [ones-adapted],154,154,1.0
1F193_ONES,Eliminate if seed has 0 and 5 and combo sum <10 or >30 [ones-adapted],154,154,1.0
11F194_ONES,Eliminate if seed has '00' and combo sum <11 or >33 [ones-adapted],154,154,1.0
116F195_ONES,XEliminate if seed has 1 and combo has neither 2 nor 4 [ones-adapted],154,154,1.0
NO75F196_ONES,"XEliminate if seed has 5 and combo has neither 2,3,1 [ones-adapted]",154,154,1.0
132F197_ONES,XEliminate if seed has 6 and combo has neither 3 nor 4 [ones-adapted],154,154,1.0
40F198_ONES,XEliminate if no combo digit is cold digit [ones-adapted],154,154,1.0
21F199_ONES,XEliminate if combo lacks mirrors of any seed digits [ones-adapted],154,154,1.0
NVR290F200_ONES,XEliminate if combo has any digit equal to mirror of seed sum last digit [ones-adapted],154,154,1.0
NO71F201_ONES,"XEliminate if seed has 0 and combo lacks 1,2,3 [ones-adapted]",154,154,1.0
NO139F202_ONES,XEliminate if all combo digits >=3 [ones-adapted],154,154,1.0
NO204F203_ONES,XEliminate if combo has 2 or more digits >=8 [ones-adapted],154,154,1.0
0F204_ONES,XEliminate if combo spread <4 [ones-adapted],154,154,1.0
6F205_ONES,"XEliminate if seed has 0,7 and combo sum <8 or >28 [ones-adapted]",154,154,1.0
1F206_ONES,"XEliminate if seed has 0,6 and combo sum <8 or >29 [ones-adapted]",154,154,1.0
0F207_ONES,Eliminate if combo sum >40 [ones-adapted],154,154,1.0
1F208_ONES,"Eliminate if seed has 0,5 and combo sum <10 or >30 [ones-adapted]",154,154,1.0
3F209_ONES,"Eliminate if seed has 0,4 and combo sum <10 or >29 [ones-adapted]",154,154,1.0
10F210_ONES,If seed has 0 and 3 and combo sum <13 or >35 [ones-adapted],154,154,1.0
3F211_ONES,If seed has 0 and 2 and combo sum <7 or >26 [ones-adapted],154,154,1.0
11F212_ONES,If seed has '00' and combo sum <11 or >33 [ones-adapted],154,154,1.0
142F213_ONES,XEliminate if single (5 unique) <25 shares ≥3 with seed [ones-adapted],154,154,1.0
10F214_ONES,XEliminate if none of seed v-tracs in combo [ones-adapted],154,154,1.0
NO135F215_ONES,XEliminate if all seed v-tracs present in combo [ones-adapted],154,154,1.0
21F216_ONES,XEliminate if combo digits are from 5 different v-trac groups [ones-adapted],154,154,1.0
NO81F217_ONES,XEliminate if combo digits are from ≤2 v-trac groups [ones-adapted],154,154,1.0
2F218_ONES,Eliminate if combo digits are from only 1 v-trac group [ones-adapted],154,154,1.0
114F219_ONES,"XIf seed has 2 and combo lacks 4,5 [ones-adapted]",154,154,1.0
71F220_ONES,"XIf seed has 1 and combo lacks 2,3,4 [ones-adapted]",154,154,1.0
78F221_ONES,"X If seed has 8 and combo lacks 1,3,2 [ones-adapted]",154,154,1.0
128F222_ONES,"XIf seed has 7 and combo lacks 2,1 [ones-adapted]",154,154,1.0
113F223_ONES,"XIf seed has 4 and combo lacks 5,6 [ones-adapted]",154,154,1.0
63F224_ONES,"XIf seed has 9 and combo lacks 3,5,1 [ones-adapted]",154,154,1.0
NO4F225_ONES,Eliminate if combo sum=37 unless seed>=30 [ones-adapted],154,154,1.0
8F226_ONES,Eliminate if combo sum=10 [ones-adapted],154,154,1.0
2F227_ONES,Eliminate if combo sum=39 unless seed>=30 [ones-adapted],154,154,1.0
4F228_ONES,Eliminate if combo sum=40 unless seed>=30 [ones-adapted],154,154,1.0
1F229_ONES,Eliminate if combo sum=38 unless seed>=30 [ones-adapted],154,154,1.0
4F230_ONES,Eliminate if combo sum=9 [ones-adapted],154,154,1.0
2F231_ONES,Eliminate if combo sum=8 [ones-adapted],154,154,1.0
3F232_ONES,Eliminate if combo sum=7 [ones-adapted],154,154,1.0
3F233_ONES,Eliminate if combo sum=6 [ones-adapted],154,154,1.0
2F234_ONES,Eliminate if combo sum=36 unless seed>=30 [ones-adapted],154,154,1.0
0F235_ONES,Eliminate if combo sum=45 unless seed>=30 [ones-adapted],154,154,1.0
0F236_ONES,Eliminate if combo sum=44 unless seed>=30 [ones-adapted],154,154,1.0
0F237_ONES,Eliminate if combo sum=43 unless seed>=30 [ones-adapted],154,154,1.0
0F238_ONES,Eliminate if combo sum=42 unless seed>=30 [ones-adapted],154,154,1.0
0F239_ONES,Eliminate if combo sum=41 unless seed>=30 [ones-adapted],154,154,1.0
0F240_ONES,Eliminate if combo sum=5 [ones-adapted],154,154,1.0
1F241_ONES,Eliminate if combo sum=4 [ones-adapted],154,154,1.0
0F242_ONES,Eliminate if combo sum=3 [ones-adapted],154,154,1.0
0F243_ONES,Eliminate if combo sum=2 [ones-adapted],154,154,1.0
NO9F244_ONES,Eliminate if combo sum=34 unless seed>=30 [ones-adapted],154,154,1.0
33F245_ONES,Eliminate if combo has ≤4 consecutive digits regardless order [ones-adapted],154,154,1.0
114F246_ONES,"XIf seed has 2 and combo lacks 5,4 [ones-adapted]",154,154,1.0
15F247_ONES,XIf seed sum=16 and combo sum <12 or >20 [ones-adapted],154,154,1.0
NO114F248_ONES,"XIf seed has 3 and combo lacks 5,4 [ones-adapted]",154,154,1.0
71F249_ONES,"XIf seed has 0 and combo lacks 1,2,3 [ones-adapted]",154,154,1.0
71F250_ONES,"XIf seed has 1 and combo lacks 2,3,4 [ones-adapted]",154,154,1.0
81F251_ONES,"XIf seed has 2 and combo lacks 5,4 [ones-adapted]",154,154,1.0
NO123F252_ONES,XIf seed sum>=26 keep combo sum 20-28 [ones-adapted],154,154,1.0
20F253_ONES,If seed sum=17 keep combo sum 19-25 [ones-adapted],154,154,1.0
50F254_ONES,XIf seed sum=22-23 keep combo sum 16-25 [ones-adapted],154,154,1.0
59F255_ONES,XIf seed sum=19-21 keep combo sum 14-24 [ones-adapted],154,154,1.0
NO30F256_ONES,xIf seed sum=13-15 keep combo sum 14-22 [ones-adapted],154,154,1.0
6F257_ONES,XIf seed sum=12 keep combo sum 12-25 [ones-adapted],154,154,1.0
18F258_ONES,XIf seed sum=16 keep combo sum 12-20 [ones-adapted],154,154,1.0
20F259_ONES,If seed sum=17-18 keep combo sum 11-26 [ones-adapted],154,154,1.0
NO35F260_ONES,XIf seed sum=24-25 and combo <19 or >25 [ones-adapted],154,154,1.0
20F261_ONES,XIf seed sum=22-23 and combo <16 or >25 [ones-adapted],154,154,1.0
59F262_ONES,If seed sum=19-21 and combo <14 or >24 [ones-adapted],154,154,1.0
NO30F263_ONES,If seed sum=13-15 and combo <14 or >22 [ones-adapted],154,154,1.0
20F264_ONES,XIf seed sum<=12 and combo <12 or >25 [ones-adapted],154,154,1.0
20F265_ONES,If seed sum=17-18 and combo <11 or >26 [ones-adapted],154,154,1.0
6F266_ONES,If seed sum ends in 2 and combo sum ends in 0 [ones-adapted],154,154,1.0
NO30F267_ONES,If seed sum=13-15 and combo <14 or >22 [ones-adapted],154,154,1.0
20F268_ONES,If seed sum=17-18 and combo <11 or >26 [ones-adapted],154,154,1.0
74F269_ONES,XIf combo has ≥4 shared digits with seed and combo sum <34 [ones-adapted],154,154,1.0
70F270_ONES,XIf combo has ≥4 shared digits with seed and combo sum <33 [ones-adapted],154,154,1.0
75F271_ONES,XIf combo has ≥4 shared digits with seed and combo sum <32 [ones-adapted],154,154,1.0
74F272_ONES,XIf combo has ≥4 shared digits with seed and combo sum <31 [ones-adapted],154,154,1.0
70F273_ONES,XIf combo has ≥4 shared digits with seed and combo sum <30 [ones-adapted],154,154,1.0
67F274_ONES,XIf combo has ≥4 shared digits with seed and combo sum <29 [ones-adapted],154,154,1.0
63F275_ONES,XIf combo has ≥4 shared digits with seed and combo sum <28 [ones-adapted],154,154,1.0
75F276_ONES,XIf combo has ≥4 shared digits with seed and combo sum <27 [ones-adapted],154,154,1.0
74F277_ONES,XIf combo has ≥4 shared digits with seed and combo sum <35 [ones-adapted],154,154,1.0
70F278_ONES,XIf combo has ≥4 shared digits with seed and combo sum <26 [ones-adapted],154,154,1.0
67F279_ONES,XIf combo has ≥4 shared digits with seed and combo sum <24 [ones-adapted],154,154,1.0
63F280_ONES,XIf combo has ≥4 shared digits and combo sum <22 [ones-adapted],154,154,1.0
29F281_ONES,XIf combo has ≥4 shared digits and combo sum <21 [ones-adapted],154,154,1.0
23F282_ONES,XIf combo has ≥4 shared digits and combo sum <20 [ones-adapted],154,154,1.0
29F283_ONES,XIf combo has ≥4 shared digits and combo sum <19 [ones-adapted],154,154,1.0
34F284_ONES,XIf combo has ≥4 shared digits and combo sum <18 [ones-adapted],154,154,1.0
37F285_ONES,XIf combo has ≥4 shared digits and combo sum <17 [ones-adapted],154,154,1.0
39F286_ONES,XIf combo has ≥4 shared digits and combo sum <16 [ones-adapted],154,154,1.0
44F287_ONES,XIf combo has ≥4 shared digits and combo sum <25 [ones-adapted],154,154,1.0
52F288_ONES,XIf combo has ≥4 shared digits and combo sum <36 [ones-adapted],154,154,1.0
54F289_ONES,XIf combo has ≥4 shared digits and combo sum <37 [ones-adapted],154,154,1.0
NO55F290_ONES,XIf combo has ≥4 shared digits and combo sum <38 [ones-adapted],154,154,1.0
3F291_ONES,XIf combo has ≥5 shared digits and combo sum <21 [ones-adapted],154,154,1.0
2F292_ONES,XIf combo has ≥5 shared digits and combo sum <20 [ones-adapted],154,154,1.0
2F293_ONES,XIf combo has ≥5 shared digits and combo sum <19 [ones-adapted],154,154,1.0
2F294_ONES,XIf combo has ≥5 shared digits and combo sum <18 [ones-adapted],154,154,1.0
1F295_ONES,XIf combo has ≥5 shared digits and combo sum <17 [ones-adapted],154,154,1.0
1F296_ONES,XIf combo has ≥5 shared digits and combo sum <16 [ones-adapted],154,154,1.0
1F297_ONES,XIf combo has ≥5 shared digits and combo sum <15 [ones-adapted],154,154,1.0
0F298_ONES,XIf combo has ≥5 shared digits and combo sum <14 [ones-adapted],154,154,1.0
0F299_ONES,XIf combo has ≥5 shared digits and combo sum <13 [ones-adapted],154,154,1.0
0F300_ONES,XIf combo has ≥5 shared digits and combo sum <12 [ones-adapted],154,154,1.0
0F301_ONES,XIf combo has ≥5 shared digits and combo sum <11 [ones-adapted],154,154,1.0
0F302_ONES,XIf combo has ≥5 shared digits and combo sum <10 [ones-adapted],154,154,1.0
78F303_ONES,XIf combo has ≥4 shared digits and combo sum <45 [ones-adapted],154,154,1.0
78F304_ONES,XIf combo has ≥4 shared digits and combo sum <44 [ones-adapted],154,154,1.0
78F305_ONES,XIf combo has ≥4 shared digits and combo sum <43 [ones-adapted],154,154,1.0
78F306_ONES,XIf combo has ≥4 shared digits and combo sum <42 [ones-adapted],154,154,1.0
78F307_ONES,XIf combo has ≥4 shared digits and combo sum <41 [ones-adapted],154,154,1.0
77F308_ONES,XIf combo has ≥4 shared digits and combo sum <40 [ones-adapted],154,154,1.0
76F309_ONES,XIf combo has ≥4 shared digits and combo sum <39 [ones-adapted],154,154,1.0
10F310_ONES,If combo has ≥4 shared digits and combo sum <15 [ones-adapted],154,154,1.0
6F311_ONES,If combo has ≥4 shared digits and combo sum <13 [ones-adapted],154,154,1.0
4F312_ONES,If combo has ≥4 shared digits and combo sum <12 [ones-adapted],154,154,1.0
4F313_ONES,If combo has ≥4 shared digits and combo sum <11 [ones-adapted],154,154,1.0
NO659F314_ONES,DNUEliminate if combo sum within ±15 of seed sum [ones-adapted],154,154,1.0
NVR643F315_ONES,DNUEliminate if combo sum within ±14 of seed sum [ones-adapted],154,154,1.0
NVR617F316_ONES,DNUEliminate if combo sum within ±13 of seed sum [ones-adapted],154,154,1.0
NO67F317_ONES,XEliminate if combo root sum matches seed root sum [ones-adapted],154,154,1.0
NO177F318_ONES,XEliminate if combo has same count of odd digits as seed [ones-adapted],154,154,1.0
NO177F319_ONES,XEliminate if combo has same count of even digits as seed [ones-adapted],154,154,1.0
NO44F320_ONES,xIf combo has 5 unique digits and sum>25 must match 3 seed digits [ones-adapted],154,154,1.0
6F321_ONES,XIf combo >4 unique digits must have cold digit [ones-adapted],154,154,1.0
NO118F322_ONES,"XIf spread diff >3 from seed, eliminate combo [ones-adapted]",154,154,1.0
31F323_ONES,"If all combo digits >=5, eliminate combo [ones-adapted]",154,154,1.0
20F324_ONES,"XIf all combo digits <=4, eliminate combo [ones-adapted]",154,154,1.0
17F325_ONES,"XIf all combo digits odd, eliminate combo [ones-adapted]",154,154,1.0
NO30F326_ONES,"XIf all combo digits even, eliminate combo [ones-adapted]",154,154,1.0
NO35F327_ONES,XIf seed sum=24-25 and combo <19 or >25 [ones-adapted],154,154,1.0
123F328_ONES,XIf seed sum>=26 and combo <20 or >28 [ones-adapted],154,154,1.0
NO20F329_ONES,XIf seed sum<=12 and combo <12 or >25 [ones-adapted],154,154,1.0
NO35F330_ONES,xIf seed sum=24-25 and combo >19 or >25 [ones-adapted],154,154,1.0
NO50F331_ONES,XIf seed sum=22-23 and combo <16 or >25 [ones-adapted],154,154,1.0
59F332_ONES,If seed sum=19-21 and combo <14 or >24 [ones-adapted],154,154,1.0
NO16F333_ONES,XIf combo sum = mirror of seed sum [ones-adapted],154,154,1.0
18F334_ONES,"XIf seed=16, combo <12 or >20 [ones-adapted]",154,154,1.0
58F335_ONES,XIf combo has no mirrors of seed digits [ones-adapted],154,154,1.0
2F336_ONES,If combo ≥4 shared digits and sum<10 [ones-adapted],154,154,1.0
56F337_ONES,XIf combo ≥3 shared digits and sum<18 [ones-adapted],154,154,1.0
47F338_ONES,XIf combo ≥3 shared digits and sum<17 [ones-adapted],154,154,1.0
32F339_ONES,If combo ≥3 shared digits and sum<16 [ones-adapted],154,154,1.0
22F340_ONES,If combo ≥3 shared digits and sum<15 [ones-adapted],154,154,1.0
16F341_ONES,If combo ≥3 shared digits and sum<14 [ones-adapted],154,154,1.0
11F342_ONES,If combo ≥3 shared digits and sum<13 [ones-adapted],154,154,1.0
9F343_ONES,If combo ≥3 shared digits and sum<12 [ones-adapted],154,154,1.0
8F344_ONES,If combo ≥3 shared digits and sum<11 [ones-adapted],154,154,1.0
8F345_ONES,If combo ≥3 shared digits and sum<10 [ones-adapted],154,154,1.0
35F346_ONES,XIf combo ≥2 shared digits and sum<14 [ones-adapted],154,154,1.0
26F347_ONES,If combo ≥2 shared digits and sum<13 [ones-adapted],154,154,1.0
18F348_ONES,If combo ≥2 shared digits and sum<12 [ones-adapted],154,154,1.0
14F349_ONES,If combo ≥2 shared digits and sum<11 [ones-adapted],154,154,1.0
9F350_ONES,If combo ≥2 shared digits and sum<10 [ones-adapted],154,154,1.0
25F351_ONES,XIf combo ≥1 shared digits and sum<12 [ones-adapted],154,154,1.0
19F352_ONES,XIf combo ≥1 shared digits and sum<11 [ones-adapted],154,154,1.0
NO467F354_ONES,DNUIf combo contains digit and its mirror [ones-adapted],154,154,1.0
NO296F355_ONES,XIf any combo digit = mirror of seed sum last digit [ones-adapted],154,154,1.0
42F356_ONES,"XIf seed has 0,8 eliminate combos with even sum [ones-adapted]",154,154,1.0
22F357_ONES,"Eliminate combos when previous seed sum is greater than 20, current seed sum is less than 20, and combo sum is less than 20 [ones-adapted]",154,154,1.0
0F358_ONES,"If last three seeds are ('High', 'Even', 'High', 'Odd', 'Low', 'Even') eliminate combos outside Low (100% over 1 cases) [ones-adapted]",154,154,1.0
0F359_ONES,"If last three seeds are ('High', 'Even', 'Mid', 'Odd', 'Low', 'Odd') eliminate combos outside Mid (100% over 1 cases) [ones-adapted]",154,154,1.0
0F360_ONES,"If last three seeds are ('High', 'Even', 'Mid', 'Odd', 'Mid', 'Even') eliminate combos outside Low (100% over 1 cases) [ones-adapted]",154,154,1.0
0F361_ONES,"If last three seeds are ('High', 'Even', 'Very Low', 'Odd', 'Mid', 'Even') eliminate combos outside Mid (100% over 1 cases) [ones-adapted]",154,154,1.0
0F362_ONES,"If last three seeds are ('High', 'Odd', 'Low', 'Even', 'High', 'Even') eliminate combos outside Low (100% over 1 cases) [ones-adapted]",154,154,1.0
0F363_ONES,"If last three seeds are ('High', 'Odd', 'Low', 'Even', 'Low', 'Odd') eliminate combos outside Low (100% over 1 cases) [ones-adapted]",154,154,1.0
0F364_ONES,"If last three seeds are ('High', 'Odd', 'Low', 'Even', 'Mid', 'Even') eliminate combos outside High (100% over 1 cases) [ones-adapted]",154,154,1.0
0F365_ONES,"If last three seeds are ('High', 'Odd', 'Low', 'Odd', 'Low', 'Even') eliminate combos outside Very Low (100% over 1 cases) [ones-adapted]",154,154,1.0
0F366_ONES,"If last three seeds are ('High', 'Odd', 'Low', 'Odd', 'Mid', 'Even') eliminate combos outside Very Low (100% over 1 cases) [ones-adapted]",154,154,1.0
0F367_ONES,"If last three seeds are ('High', 'Odd', 'Mid', 'Odd', 'Mid', 'Odd') eliminate combos outside Low (100% over 1 cases) [ones-adapted]",154,154,1.0
1F368_ONES,"If last three seeds are ('High', 'Odd', 'Very Low', 'Even', 'Low', 'Even') eliminate combos outside Mid (100% over 1 cases) [ones-adapted]",154,154,1.0
1F369_ONES,"If last three seeds are ('High', 'Odd', 'Very Low', 'Odd', 'Mid', 'Odd') eliminate combos outside Low (100% over 1 cases) [ones-adapted]",154,154,1.0
1F370_ONES,"If last three seeds are ('Low', 'Even', 'High', 'Even', 'Mid', 'Even') eliminate combos outside High (100% over 1 cases) [ones-adapted]",154,154,1.0
1F371_ONES,"If last three seeds are ('Low', 'Even', 'High', 'Odd', 'Low', 'Even') eliminate combos outside Low (100% over 1 cases) [ones-adapted]",154,154,1.0
1F372_ONES,"If last three seeds are ('Low', 'Even', 'High', 'Odd', 'Mid', 'Odd') eliminate combos outside Mid (100% over 1 cases) [ones-adapted]",154,154,1.0
1F373_ONES,"If last three seeds are ('Low', 'Even', 'High', 'Odd', 'Very Low', 'Odd') eliminate combos outside Low (100% over 1 cases) [ones-adapted]",154,154,1.0
12F374_ONES,"If last three seeds are ('Low', 'Even', 'Low', 'Even', 'Mid', 'Odd') eliminate combos outside Low (80% over 5 cases) [ones-adapted]",154,154,1.0
2F375_ONES,"If last three seeds are ('Low', 'Even', 'Low', 'Even', 'Very Low', 'Even') eliminate combos outside Mid (100% over 2 cases) [ones-adapted]",154,154,1.0
1F376_ONES,"If last three seeds are ('Low', 'Even', 'Low', 'Even', 'Very Low', 'Odd') eliminate combos outside Low (100% over 1 cases) [ones-adapted]",154,154,1.0
1F377_ONES,"If last three seeds are ('Low', 'Even', 'Low', 'Odd', 'Very Low', 'Even') eliminate combos outside Mid (100% over 1 cases) [ones-adapted]",154,154,1.0
1F378_ONES,"If last three seeds are ('Low', 'Even', 'Mid', 'Even', 'High', 'Odd') eliminate combos outside Very Low (100% over 1 cases) [ones-adapted]",154,154,1.0
0F379_ONES,"If last three seeds are ('Low', 'Even', 'Mid', 'Even', 'Low', 'Odd') eliminate combos outside Low (80% over 5 cases) [ones-adapted]",154,154,1.0
3F380_ONES,"If last three seeds are ('Low', 'Even', 'Mid', 'Even', 'Mid', 'Odd') eliminate combos outside Low (100% over 1 cases) [ones-adapted]",154,154,1.0
4F381_ONES,"If last three seeds are ('Low', 'Even', 'Mid', 'Even', 'Very Low', 'Even') eliminate combos outside Low (100% over 1 cases) [ones-adapted]",154,154,1.0
9F382_ONES,"If last three seeds are ('Low', 'Even', 'Mid', 'Odd', 'Mid', 'Odd') eliminate combos outside Low (100% over 1 cases) [ones-adapted]",154,154,1.0
1F383_ONES,"If last three seeds are ('Low', 'Even', 'Very Low', 'Even', 'High', 'Odd') eliminate combos outside Mid (100% over 1 cases) [ones-adapted]",154,154,1.0
2F384_ONES,"If last three seeds are ('Low', 'Even', 'Very Low', 'Even', 'Low', 'Even') eliminate combos outside Very Low (100% over 1 cases) [ones-adapted]",154,154,1.0
0F385_ONES,"If last three seeds are ('Low', 'Even', 'Very Low', 'Even', 'Low', 'Odd') eliminate combos outside Low (100% over 1 cases) [ones-adapted]",154,154,1.0
2F386_ONES,"If last three seeds are ('Low', 'Even', 'Very Low', 'Even', 'Mid', 'Even') eliminate combos outside Low (100% over 1 cases) [ones-adapted]",154,154,1.0
0F387_ONES,"If last three seeds are ('Low', 'Even', 'Very Low', 'Even', 'Mid', 'Odd') eliminate combos outside Mid (100% over 2 cases) [ones-adapted]",154,154,1.0
1F388_ONES,"If last three seeds are ('Low', 'Even', 'Very Low', 'Even', 'Very Low', 'Even') eliminate combos outside Mid (100% over 1 cases) [ones-adapted]",154,154,1.0
2F389_ONES,"If last three seeds are ('Low', 'Even', 'Very Low', 'Odd', 'High', 'Odd') eliminate combos outside Mid (100% over 1 cases) [ones-adapted]",154,154,1.0
1F390_ONES,"If last three seeds are ('Low', 'Even', 'Very Low', 'Odd', 'Low', 'Odd') eliminate combos outside Mid (100% over 1 cases) [ones-adapted]",154,154,1.0
2F391_ONES,"If last three seeds are ('Low', 'Even', 'Very Low', 'Odd', 'Mid', 'Odd') eliminate combos outside Low (100% over 2 cases) [ones-adapted]",154,154,1.0
1F392_ONES,"If last three seeds are ('Low', 'Odd', 'High', 'Even', 'High', 'Odd') eliminate combos outside Mid (100% over 1 cases) [ones-adapted]",154,154,1.0
1F393_ONES,"If last three seeds are ('Low', 'Odd', 'High', 'Even', 'Mid', 'Odd') eliminate combos outside Mid (100% over 1 cases) [ones-adapted]",154,154,1.0
1F394_ONES,"If last three seeds are ('Low', 'Odd', 'High', 'Odd', 'Low', 'Even') eliminate combos outside Low (100% over 1 cases) [ones-adapted]",154,154,1.0
1F395_ONES,"If last three seeds are ('Low', 'Odd', 'High', 'Odd', 'Mid', 'Odd') eliminate combos outside Very Low (100% over 1 cases) [ones-adapted]",154,154,1.0
2F396_ONES,"If last three seeds are ('Low', 'Odd', 'Low', 'Even', 'High', 'Odd') eliminate combos outside Mid (100% over 2 cases) [ones-adapted]",154,154,1.0
3F397_ONES,"If last three seeds are ('Low', 'Odd', 'Low', 'Even', 'Low', 'Odd') eliminate combos outside Low (100% over 3 cases) [ones-adapted]",154,154,1.0
4F398_ONES,"If last three seeds are ('Low', 'Odd', 'Low', 'Even', 'Mid', 'Odd') eliminate combos outside Mid (80% over 5 cases) [ones-adapted]",154,154,1.0
1F399_ONES,"If last three seeds are ('Low', 'Odd', 'Low', 'Odd', 'High', 'Odd') eliminate combos outside Low (100% over 1 cases) [ones-adapted]",154,154,1.0
1F400_ONES,"If last three seeds are ('Low', 'Odd', 'Low', 'Odd', 'Mid', 'Even') eliminate combos outside Mid (100% over 1 cases) [ones-adapted]",154,154,1.0
2F401_ONES,"If last three seeds are ('Low', 'Odd', 'Low', 'Odd', 'Very Low', 'Even') eliminate combos outside Low (100% over 2 cases) [ones-adapted]",154,154,1.0
3F402_ONES,"If last three seeds are ('Low', 'Odd', 'Mid', 'Even', 'Low', 'Odd') eliminate combos outside Mid (100% over 3 cases) [ones-adapted]",154,154,1.0
1F403_ONES,"If last three seeds are ('Low', 'Odd', 'Mid', 'Even', 'Very Low', 'Even') eliminate combos outside Mid (100% over 1 cases) [ones-adapted]",154,154,1.0
2F404_ONES,"If last three seeds are ('Low', 'Odd', 'Mid', 'Odd', 'Mid', 'Even') eliminate combos outside Low (100% over 2 cases) [ones-adapted]",154,154,1.0
1F405_ONES,"If last three seeds are ('Low', 'Odd', 'Very Low', 'Even', 'Low', 'Even') eliminate combos outside Low (100% over 1 cases) [ones-adapted]",154,154,1.0
1F406_ONES,"If last three seeds are ('Low', 'Odd', 'Very Low', 'Even', 'Mid', 'Odd') eliminate combos outside Low (100% over 1 cases) [ones-adapted]",154,154,1.0
1F407_ONES,"If last three seeds are ('Low', 'Odd', 'Very Low', 'Even', 'Very Low', 'Odd') eliminate combos outside Low (100% over 1 cases) [ones-adapted]",154,154,1.0
1F408_ONES,"If last three seeds are ('Low', 'Odd', 'Very Low', 'Odd', 'Mid', 'Odd') eliminate combos outside Low (100% over 1 cases) [ones-adapted]",154,154,1.0
1F409_ONES,"If last three seeds are ('Low', 'Odd', 'Very Low', 'Odd', 'Very Low', 'Odd') eliminate combos outside Mid (100% over 1 cases) [ones-adapted]",154,154,1.0
1F410_ONES,"If last three seeds are ('Mid', 'Even', 'High', 'Even', 'Mid', 'Odd') eliminate combos outside Mid (100% over 1 cases) [ones-adapted]",154,154,1.0
1F411_ONES,"If last three seeds are ('Mid', 'Even', 'High', 'Odd', 'Mid', 'Odd') eliminate combos outside Mid (100% over 1 cases) [ones-adapted]",154,154,1.0
1F412_ONES,"If last three seeds are ('Mid', 'Even', 'High', 'Odd', 'Very Low', 'Even') eliminate combos outside Low (100% over 1 cases) [ones-adapted]",154,154,1.0
1F413_ONES,"If last three seeds are ('Mid', 'Even', 'Low', 'Even', 'High', 'Odd') eliminate combos outside Low (100% over 1 cases) [ones-adapted]",154,154,1.0
1F414_ONES,"If last three seeds are ('Mid', 'Even', 'Low', 'Even', 'Mid', 'Even') eliminate combos outside Mid (100% over 1 cases) [ones-adapted]",154,154,1.0
1F415_ONES,"If last three seeds are ('Mid', 'Even', 'Low', 'Even', 'Mid', 'Odd') eliminate combos outside Mid (100% over 1 cases) [ones-adapted]",154,154,1.0
2F416_ONES,"If last three seeds are ('Mid', 'Even', 'Low', 'Even', 'Very Low', 'Even') eliminate combos outside Mid (100% over 2 cases) [ones-adapted]",154,154,1.0
1F417_ONES,"If last three seeds are ('Mid', 'Even', 'Low', 'Even', 'Very Low', 'Odd') eliminate combos outside Very Low (100% over 1 cases) [ones-adapted]",154,154,1.0
2F418_ONES,"If last three seeds are ('Mid', 'Even', 'Low', 'Odd', 'High', 'Even') eliminate combos outside Low (100% over 2 cases) [ones-adapted]",154,154,1.0
2F419_ONES,"If last three seeds are ('Mid', 'Even', 'Low', 'Odd', 'Mid', 'Odd') eliminate combos outside Low (100% over 2 cases) [ones-adapted]",154,154,1.0
1F420_ONES,"If last three seeds are ('Mid', 'Even', 'Low', 'Odd', 'Very Low', 'Odd') eliminate combos outside Low (100% over 1 cases) [ones-adapted]",154,154,1.0
2F421_ONES,"If last three seeds are ('Mid', 'Even', 'Mid', 'Even', 'Low', 'Odd') eliminate combos outside Mid (100% over 2 cases) [ones-adapted]",154,154,1.0
1F422_ONES,"If last three seeds are ('Mid', 'Even', 'Mid', 'Even', 'Mid', 'Even') eliminate combos outside Mid (100% over 1 cases) [ones-adapted]",154,154,1.0
1F423_ONES,"If last three seeds are ('Mid', 'Even', 'Mid', 'Even', 'Mid', 'Odd') eliminate combos outside High (100% over 1 cases) [ones-adapted]",154,154,1.0
1F424_ONES,"If last three seeds are ('Mid', 'Even', 'Mid', 'Odd', 'High', 'Even') eliminate combos outside Low (100% over 1 cases) [ones-adapted]",154,154,1.0
2F425_ONES,"If last three seeds are ('Mid', 'Even', 'Mid', 'Odd', 'Low', 'Odd') eliminate combos outside Mid (100% over 2 cases) [ones-adapted]",154,154,1.0
2F426_ONES,"If last three seeds are ('Mid', 'Even', 'Mid', 'Odd', 'Mid', 'Even') eliminate combos outside Low (100% over 2 cases) [ones-adapted]",154,154,1.0
1F427_ONES,"If last three seeds are ('Mid', 'Even', 'Mid', 'Odd', 'Mid', 'Odd') eliminate combos outside Very Low (100% over 1 cases) [ones-adapted]",154,154,1.0
1F428_ONES,"If last three seeds are ('Mid', 'Even', 'Mid', 'Odd', 'Very Low', 'Even') eliminate combos outside Mid (100% over 1 cases) [ones-adapted]",154,154,1.0
1F429_ONES,"If last three seeds are ('Mid', 'Even', 'Very Low', 'Even', 'Low', 'Even') eliminate combos outside Low (100% over 1 cases) [ones-adapted]",154,154,1.0
1F430_ONES,"If last three seeds are ('Mid', 'Even', 'Very Low', 'Even', 'Low', 'Odd') eliminate combos outside Very Low (100% over 1 cases) [ones-adapted]",154,154,1.0
1F431_ONES,"If last three seeds are ('Mid', 'Even', 'Very Low', 'Even', 'Very Low', 'Even') eliminate combos outside Mid (100% over 1 cases) [ones-adapted]",154,154,1.0
2F432_ONES,"If last three seeds are ('Mid', 'Even', 'Very Low', 'Odd', 'Low', 'Odd') eliminate combos outside Low (100% over 2 cases) [ones-adapted]",154,154,1.0
1F433_ONES,"If last three seeds are ('Mid', 'Odd', 'High', 'Even', 'Very Low', 'Odd') eliminate combos outside Mid (100% over 1 cases) [ones-adapted]",154,154,1.0
1F434_ONES,"If last three seeds are ('Mid', 'Odd', 'Low', 'Even', 'Mid', 'Even') eliminate combos outside Low (100% over 1 cases) [ones-adapted]",154,154,1.0
4F435_ONES,"If last three seeds are ('Mid', 'Odd', 'Low', 'Even', 'Mid', 'Odd') eliminate combos outside Low (100% over 4 cases) [ones-adapted]",154,154,1.0
1F436_ONES,"If last three seeds are ('Mid', 'Odd', 'Low', 'Odd', 'Very Low', 'Odd') eliminate combos outside Low (100% over 1 cases) [ones-adapted]",154,154,1.0
1F437_ONES,"If last three seeds are ('Mid', 'Odd', 'Mid', 'Even', 'High', 'Even') eliminate combos outside Low (100% over 1 cases) [ones-adapted]",154,154,1.0
1F438_ONES,"If last three seeds are ('Mid', 'Odd', 'Mid', 'Even', 'High', 'Odd') eliminate combos outside Very Low (100% over 1 cases) [ones-adapted]",154,154,1.0
4F439_ONES,"If last three seeds are ('Mid', 'Odd', 'Mid', 'Even', 'Low', 'Even') eliminate combos outside Low (80% over 5 cases) [ones-adapted]",154,154,1.0
1F440_ONES,"If last three seeds are ('Mid', 'Odd', 'Mid', 'Even', 'Mid', 'Odd') eliminate combos outside High (100% over 1 cases) [ones-adapted]",154,154,1.0
1F441_ONES,"If last three seeds are ('Mid', 'Odd', 'Mid', 'Odd', 'Low', 'Even') eliminate combos outside Low (100% over 1 cases) [ones-adapted]",154,154,1.0
1F442_ONES,"If last three seeds are ('Mid', 'Odd', 'Mid', 'Odd', 'Low', 'Odd') eliminate combos outside Low (100% over 1 cases) [ones-adapted]",154,154,1.0
1F443_ONES,"If last three seeds are ('Mid', 'Odd', 'Mid', 'Odd', 'Very Low', 'Even') eliminate combos outside Mid (100% over 1 cases) [ones-adapted]",154,154,1.0
1F444_ONES,"If last three seeds are ('Mid', 'Odd', 'Mid', 'Odd', 'Very Low', 'Odd') eliminate combos outside Low (100% over 1 cases) [ones-adapted]",154,154,1.0
2F445_ONES,"If last three seeds are ('Mid', 'Odd', 'Very Low', 'Even', 'Low', 'Even') eliminate combos outside Low (100% over 2 cases) [ones-adapted]",154,154,1.0
1F446_ONES,"If last three seeds are ('Mid', 'Odd', 'Very Low', 'Even', 'Mid', 'Even') eliminate combos outside Mid (100% over 1 cases) [ones-adapted]",154,154,1.0
1F447_ONES,"If last three seeds are ('Mid', 'Odd', 'Very Low', 'Even', 'Mid', 'Odd') eliminate combos outside Low (100% over 1 cases) [ones-adapted]",154,154,1.0
1F448_ONES,"If last three seeds are ('Mid', 'Odd', 'Very Low', 'Even', 'Very Low', 'Odd') eliminate combos outside Mid (100% over 1 cases) [ones-adapted]",154,154,1.0
1F449_ONES,"If last three seeds are ('Mid', 'Odd', 'Very Low', 'Odd', 'Mid', 'Odd') eliminate combos outside Very Low (100% over 1 cases) [ones-adapted]",154,154,1.0
1F450_ONES,"If last three seeds are ('Very Low', 'Even', 'High', 'Even', 'Mid', 'Even') eliminate combos outside Very Low (100% over 1 cases) [ones-adapted]",154,154,1.0
1F451_ONES,"If last three seeds are ('Very Low', 'Even', 'High', 'Odd', 'Low', 'Odd') eliminate combos outside Low (100% over 1 cases) [ones-adapted]",154,154,1.0
1F452_ONES,"If last three seeds are ('Very Low', 'Even', 'Low', 'Even', 'Mid', 'Even') eliminate combos outside Mid (100% over 1 cases) [ones-adapted]",154,154,1.0
1F453_ONES,"If last three seeds are ('Very Low', 'Even', 'Low', 'Even', 'Very Low', 'Even') eliminate combos outside Low (100% over 1 cases) [ones-adapted]",154,154,1.0
1F454_ONES,"If last three seeds are ('Very Low', 'Even', 'Low', 'Odd', 'Mid', 'Even') eliminate combos outside Low (100% over 1 cases) [ones-adapted]",154,154,1.0
1F455_ONES,"If last three seeds are ('Very Low', 'Even', 'Mid', 'Even', 'Low', 'Odd') eliminate combos outside Mid (100% over 1 cases) [ones-adapted]",154,154,1.0
1F456_ONES,"If last three seeds are ('Very Low', 'Even', 'Mid', 'Even', 'Mid', 'Odd') eliminate combos outside Mid (100% over 1 cases) [ones-adapted]",154,154,1.0
1F457_ONES,"If last three seeds are ('Very Low', 'Even', 'Mid', 'Odd', 'Mid', 'Even') eliminate combos outside Very Low (100% over 1 cases) [ones-adapted]",154,154,1.0
2F458_ONES,"If last three seeds are ('Very Low', 'Even', 'Mid', 'Odd', 'Very Low', 'Odd') eliminate combos outside Low (100% over 2 cases) [ones-adapted]",154,154,1.0
1F459_ONES,"If last three seeds are ('Very Low', 'Even', 'Very Low', 'Even', 'Low', 'Odd') eliminate combos outside Low (100% over 1 cases) [ones-adapted]",154,154,1.0
1F460_ONES,"If last three seeds are ('Very Low', 'Even', 'Very Low', 'Even', 'Mid', 'Odd') eliminate combos outside Mid (100% over 1 cases) [ones-adapted]",154,154,1.0
1F461_ONES,"If last three seeds are ('Very Low', 'Even', 'Very Low', 'Odd', 'Low', 'Even') eliminate combos outside Low (100% over 1 cases) [ones-adapted]",154,154,1.0
1F462_ONES,"If last three seeds are ('Very Low', 'Even', 'Very Low', 'Odd', 'Low', 'Odd') eliminate combos outside Mid (100% over 1 cases) [ones-adapted]",154,154,1.0
1F463_ONES,"If last three seeds are ('Very Low', 'Odd', 'High', 'Odd', 'Low', 'Odd') eliminate combos outside Low (100% over 1 cases) [ones-adapted]",154,154,1.0
1F464_ONES,"If last three seeds are ('Very Low', 'Odd', 'Low', 'Even', 'Low', 'Even') eliminate combos outside Low (100% over 1 cases) [ones-adapted]",154,154,1.0
2F465_ONES,"If last three seeds are ('Very Low', 'Odd', 'Low', 'Even', 'Mid', 'Even') eliminate combos outside Very Low (100% over 2 cases) [ones-adapted]",154,154,1.0
1F466_ONES,"If last three seeds are ('Very Low', 'Odd', 'Low', 'Even', 'Mid', 'Odd') eliminate combos outside Low (100% over 1 cases) [ones-adapted]",154,154,1.0
1F467_ONES,"If last three seeds are ('Very Low', 'Odd', 'Low', 'Odd', 'High', 'Odd') eliminate combos outside Low (100% over 1 cases) [ones-adapted]",154,154,1.0
1F468_ONES,"If last three seeds are ('Very Low', 'Odd', 'Low', 'Odd', 'Low', 'Odd') eliminate combos outside Mid (100% over 1 cases) [ones-adapted]",154,154,1.0
1F469_ONES,"If last three seeds are ('Very Low', 'Odd', 'Low', 'Odd', 'Mid', 'Odd') eliminate combos outside Mid (100% over 1 cases) [ones-adapted]",154,154,1.0
1F470_ONES,"If last three seeds are ('Very Low', 'Odd', 'Mid', 'Even', 'Low', 'Odd') eliminate combos outside High (100% over 1 cases) [ones-adapted]",154,154,1.0
1F471_ONES,"If last three seeds are ('Very Low', 'Odd', 'Mid', 'Even', 'Mid', 'Odd') eliminate combos outside Low (100% over 1 cases) [ones-adapted]",154,154,1.0
1F472_ONES,"If last three seeds are ('Very Low', 'Odd', 'Mid', 'Even', 'Very Low', 'Even') eliminate combos outside Low (100% over 1 cases) [ones-adapted]",154,154,1.0
1F473_ONES,"If last three seeds are ('Very Low', 'Odd', 'Mid', 'Odd', 'Low', 'Even') eliminate combos outside Low (100% over 1 cases) [ones-adapted]",154,154,1.0
1F474_ONES,"If last three seeds are ('Very Low', 'Odd', 'Mid', 'Odd', 'Mid', 'Even') eliminate combos outside High (100% over 1 cases) [ones-adapted]",154,154,1.0
1F475_ONES,"If last three seeds are ('Very Low', 'Odd', 'Very Low', 'Even', 'High', 'Even') eliminate combos outside Mid (100% over 1 cases) [ones-adapted]",154,154,1.0
1F476_ONES,"If last three seeds are ('Very Low', 'Odd', 'Very Low', 'Even', 'Low', 'Even') eliminate combos outside Mid (100% over 1 cases) [ones-adapted]",154,154,1.0
1F477_ONES,"If last three seeds are ('Very Low', 'Odd', 'Very Low', 'Odd', 'Low', 'Even') eliminate combos outside Low (100% over 1 cases) [ones-adapted]",154,154,1.0
365F478_ONES,DNUEliminate all odd-sum combos [ones-adapted],154,154,1.0
364F479_ONES,DNUEliminate all even-sum combos [ones-adapted],154,154,1.0
0F480_ONES,"xIf seed includes 0,0 eliminate odd-sum combos [ones-adapted]",154,154,1.0
0F481_ONES,"xIf seed includes 3,3 eliminate odd-sum combos [ones-adapted]",154,154,1.0
0F482_ONES,"xIf seed includes 4,4 eliminate even-sum combos [ones-adapted]",154,154,1.0
0F483_ONES,"xIf seed includes 8,8 eliminate even-sum combos [ones-adapted]",154,154,1.0
1F484_ONES,"xIf seed includes 4,5,6,8 eliminate odd-sum combos [ones-adapted]",154,154,1.0
1F485_ONES,"If seed includes 1,2,4,7 eliminate even-sum combos [ones-adapted]",154,154,1.0
1F486_ONES,"If seed includes 5,7,8,9 eliminate even-sum combos [ones-adapted]",154,154,1.0
1F487_ONES,"If seed includes 4,6,7,8 eliminate even-sum combos [ones-adapted]",154,154,1.0
0F488_ONES,"xIf seed includes 4,5,6,7 eliminate odd-sum combos [ones-adapted]",154,154,1.0
1F489_ONES,"If seed includes 3,6,7,8 eliminate even-sum combos [ones-adapted]",154,154,1.0
1F490_ONES,"If seed includes 2,5,8,9 eliminate odd-sum combos [ones-adapted]",154,154,1.0
1F491_ONES,"If seed includes 3,4,5,8 eliminate odd-sum combos [ones-adapted]",154,154,1.0
1F492_ONES,"If seed includes 2,3,6,9 eliminate even-sum combos [ones-adapted]",154,154,1.0
1F493_ONES,"If seed includes 1,3,6,8 eliminate even-sum combos [ones-adapted]",154,154,1.0
1F494_ONES,"xIf seed includes 1,3,4,9 eliminate odd-sum combos [ones-adapted]",154,154,1.0
1F495_ONES,"xIf seed includes 0,5,7,9 eliminate odd-sum combos [ones-adapted]",154,154,1.0
1F496_ONES,"xIf seed includes 1,5,6,9 eliminate odd-sum combos [ones-adapted]",154,154,1.0
1F497_ONES,"xIf seed includes 2,3,9 eliminate even-sum combos [ones-adapted]",154,154,1.0
1F498_ONES,"xIf seed includes 2,5,8 eliminate odd-sum combos [ones-adapted]",154,154,1.0
1F499_ONES,"If seed includes 2,6,8 eliminate even-sum combos [ones-adapted]",154,154,1.0
1F500_ONES,"xIf seed includes 3,4,6 eliminate even-sum combos [ones-adapted]",154,154,1.0
1F501_ONES,"xIf seed includes 2,4,6 eliminate even-sum combos [ones-adapted]",154,154,1.0
1F502_ONES,"xIf seed includes 1,2,8 eliminate odd-sum combos [ones-adapted]",154,154,1.0
1F503_ONES,"xIf seed includes 0,1,7 eliminate odd-sum combos [ones-adapted]",154,154,1.0
1F504_ONES,"If seed includes 0,4,9 eliminate even-sum combos [ones-adapted]",154,154,1.0
1F505_ONES,"xIf seed includes 2,4,8 eliminate even-sum combos [ones-adapted]",154,154,1.0
1F506_ONES,"If seed includes 3,4,7 eliminate odd-sum combos [ones-adapted]",154,154,1.0
1F507_ONES,"xIf seed includes 2,5,7 eliminate odd-sum combos [ones-adapted]",154,154,1.0
1F508_ONES,"xIf seed includes 4,6,7 eliminate even-sum combos [ones-adapted]",154,154,1.0
1F509_ONES,"xIf seed includes 1,6,7 eliminate even-sum combos [ones-adapted]",154,154,1.0
1F510_ONES,"xIf seed includes 3,6,7 eliminate even-sum combos [ones-adapted]",154,154,1.0
1F511_ONES,"xIf seed includes 0,3,4 eliminate odd-sum combos [ones-adapted]",154,154,1.0
1F512_ONES,"If seed includes 6,8 eliminate even-sum combos [ones-adapted]",154,154,1.0
1F513_ONES,"If seed includes 3,6,8 eliminate even-sum combos [ones-adapted]",154,154,1.0
1F514_ONES,"xIf seed includes 2,7,9 eliminate odd-sum combos [ones-adapted]",154,154,1.0
1F515_ONES,"xIf seed includes 1,5,6 eliminate odd-sum combos [ones-adapted]",154,154,1.0
16F516_ONES,If (seed_sum+11) mod 12 = 0 eliminate odd-sum combos [ones-adapted],154,154,1.0
16F517_ONES,If (seed_sum+11) mod 12 = 0 eliminate odd-sum combos [ones-adapted],154,154,1.0
19F518_ONES,If (seed_sum+5) mod 9 = 0 eliminate odd-sum combos [ones-adapted],154,154,1.0
17F519_ONES,If (seed_sum+6) mod 19 = 0 eliminate odd-sum combos [ones-adapted],154,154,1.0
19F520_ONES,If (seed_sum+1) mod 13 = 0 eliminate odd-sum combos [ones-adapted],154,154,1.0
20F521_ONES,If (seed_sum+5) mod 12 = 0 eliminate odd-sum combos [ones-adapted],154,154,1.0
21F522_ONES,If (seed_sum+2) mod 13 = 0 eliminate odd-sum combos [ones-adapted],154,154,1.0
15F523_ONES,If (seed_sum+4) mod 14 = 0 eliminate odd-sum combos [ones-adapted],154,154,1.0
18F524_ONES,If (seed_sum+12) mod 14 = 0 eliminate even-sum combos [ones-adapted],154,154,1.0
22F525_ONES,If (seed_sum+4) mod 17 = 0 eliminate odd-sum combos [ones-adapted],154,154,1.0
16F526_ONES,If (seed_sum+2) mod 18 = 0 eliminate odd-sum combos [ones-adapted],154,154,1.0
19F527_ONES,If (seed_sum+13) mod 23 = 0 eliminate even-sum combos [ones-adapted],154,154,1.0
17F528_ONES,If (seed_sum+19) mod 26 = 0 eliminate even-sum combos [ones-adapted],154,154,1.0
16F529_ONES,If (seed_sum+8) mod 24 = 0 eliminate odd-sum combos [ones-adapted],154,154,1.0
14F530_ONES,If (seed_sum+11) mod 22 = 0 eliminate even-sum combos [ones-adapted],154,154,1.0
15F531_ONES,If (seed_sum+13) mod 29 = 0 eliminate odd-sum combos [ones-adapted],154,154,1.0
32F532_ONES,Eliminate if seed sum is 16–24 and combo sum is 34–45 [ones-adapted],154,154,1.0
18F533_ONES,Eliminate if seed sum is 34–45 and combo sum is 34–45 [ones-adapted],154,154,1.0
16F534_ONES,Eliminate if seed sum is 0–15 and combo sum is 34–45 [ones-adapted],154,154,1.0
NO27F535_ONES,Eliminate if seed sum is 16–24 and combo sum is 0–15 [ones-adapted],154,154,1.0
23F536_ONES,XXEliminate if seed sum is 25–33 and combo sum is 0–15 [ones-adapted],154,154,1.0
18F537_ONES,Eliminate if seed sum is 34–45 and combo sum is 0–15 [ones-adapted],154,154,1.0
N015F538_ONES,Eliminate if seed sum is 0–15 and combo sum is 0–15 [ones-adapted],154,154,1.0
NO124F539_ONES,XEliminate if no combo digit is hot digit [ones-adapted],154,154,1.0
NO188F540_ONES,XEliminate if fewer than 2 hot digits in combo [ones-adapted],154,154,1.0
45F541_ONES,XEliminate if hot digits present and structure is 5 unique [ones-adapted],154,154,1.0
18F542_ONES,Eliminate if hot digits present and structure is 3 unique [ones-adapted],154,154,1.0
1F543_ONES,Eliminate if hot digits present and structure is 2 unique [ones-adapted],154,154,1.0
NO177F547_ONES,Eliminate if more than 2 due digits in combo [ones-adapted],154,154,1.0
Nvr390F548_ONES,DNUEliminate if combo contains a digit and its mirror [ones-adapted],154,154,1.0
NO296F549_ONES,XEliminate if combo contains mirror digits and spread > 4 [ones-adapted],154,154,1.0
105F552_ONES,Eliminate if combo contains no mirror digits and spread ≤ 4 [ones-adapted],154,154,1.0
NO41F553_ONES,Eliminate if combo contains no mirror digits and has 4 or more digits ≤ 4 [ones-adapted],154,154,1.0
24F554_ONES,Eliminate if combo contains no mirror digits and all digits are odd [ones-adapted],154,154,1.0
254F555_ONES,XEliminate if combo contains four digits and their mirrors [ones-adapted],154,154,1.0
NO25F556_ONES,"xeliminate if combo has >3 unique digits, no mirror digits, and spread ≤ 4 [ones-adapted]",154,154,1.0
12F557_ONES,"Eliminate if combo has exactly 3 unique digits and contains two digits that repeat, no mirror digits, and spread ≤ 4 [ones-adapted]",154,154,1.0
13F558_ONES,"If combo has only 3 unique digits, 1 repeating thrice, has mirror digits and fewer than 4 digits ≤ 4, eliminate combo [ones-adapted]",154,154,1.0
5F559_ONES,"If combo has only 2 unique digits, 1 repeating thrice and the other twice, has mirror digits and fewer than 4 digits ≤ 4, eliminate combo [ones-adapted]",154,154,1.0
6F560_ONES,"If combo shares only 1 unique digit with the seed and is <14, eliminate combo [ones-adapted]",154,154,1.0
138F561_ONES,XEliminate if the combination shares exactly 1 unique digit with the seed AND contains fewer than 3 digits that are ≤ 4 [ones-adapted],154,154,1.0
8F562_ONES,Eliminate if combo shares exactly 1 unique digit with the seed AND all digits in combo are odd [ones-adapted],154,154,1.0
20F563_ONES,"If combo has 5 unique digits and shares 4 digits with seed, eliminate combo [ones-adapted]",154,154,1.0
0F564_ONES,"When seed sum is 4, eliminate combos with only 1 unique shared digit with seed [ones-adapted]",154,154,1.0
4F565_ONES,"If seed sum = 6 and combo has more than 1 shared digit with seed, eliminate combo [ones-adapted]",154,154,1.0
5F566_ONES,If seed sum = 7 and combo has more than 2 shared digits eliminate combo [ones-adapted],154,154,1.0
1F567_ONES,"If seed sum = 7 and combo has less than 5 unique digits, eliminate combo [ones-adapted]",154,154,1.0
2F568_ONES,"If seed sum = 8 and combo has 5 unique digits, eliminate combo [ones-adapted]",154,154,1.0
5F569_ONES,"If seed sum = 9 and combo has 3 or more shared digits, eliminate combo [ones-adapted]",154,154,1.0
5F570_ONES,"If seed sum = 10 and combo has more than one digit that repeats, eliminate combo [ones-adapted]",154,154,1.0
9F571_ONES,"If seed sum = 13 and combo has only 1 unique shared digit, eliminate combo [ones-adapted]",154,154,1.0
3F572_ONES,"If seed sum = 14 and combo is a triple, eliminate combo [ones-adapted]",154,154,1.0
7F573_ONES,"If seed sum = 15 and combo has only one unique shared digit with seed, eliminate combo [ones-adapted]",154,154,1.0
8F574_ONES,"If seed sum = 16 and combo has only one unique shared digit with seed, eliminate combo [ones-adapted]",154,154,1.0
4F575_ONES,"If seed sum = 16 and combo is a triple, eliminate combo [ones-adapted]",154,154,1.0
2F576_ONES,"If seed sum = 17 and combo is a double-double , eliminate combo [ones-adapted]",154,154,1.0
5F577_ONES,"If seed sum = 18 and combo is a triple , eliminate combo [ones-adapted]",154,154,1.0
5F578_ONES,"If seed sum = 21 and combo is a triple , eliminate combo [ones-adapted]",154,154,1.0
1F579_ONES,"If seed sum = 21 and combo is a double-double , eliminate combo [ones-adapted]",154,154,1.0
3F580_ONES,"If seed sum = 22 and combo is a double-double , eliminate combo [ones-adapted]",154,154,1.0
2F581_ONES,"If seed sum = 22 and combo is a triple , eliminate combo [ones-adapted]",154,154,1.0
1F582_ONES,"If seed sum = 23 and combo is a triple , eliminate combo [ones-adapted]",154,154,1.0
1F583_ONES,"If seed sum = 24 and combo is a triple , eliminate combo [ones-adapted]",154,154,1.0
2F584_ONES,"If seed sum = 25 and combo is a triple , eliminate combo [ones-adapted]",154,154,1.0
3F585_ONES,"If seed sum = 26 and combo is a double-double , eliminate combo [ones-adapted]",154,154,1.0
2F586_ONES,"If seed sum = 27 and combo is a double-double , eliminate combo [ones-adapted]",154,154,1.0
1F587_ONES,"If seed sum = 27 and combo is a triple , eliminate combo [ones-adapted]",154,154,1.0
3F588_ONES,"If seed sum = 28 and combo is a triple , eliminate combo [ones-adapted]",154,154,1.0
1F589_ONES,"If seed sum = 28 and combo is a double-double , eliminate combo [ones-adapted]",154,154,1.0
1F590_ONES,"If seed sum = 29 and combo is a triple , eliminate combo [ones-adapted]",154,154,1.0
2F591_ONES,"If seed sum = 30 and combo is a triple , eliminate combo [ones-adapted]",154,154,1.0
2F592_ONES,"If seed sum = 30 and combo is a double-double , eliminate combo [ones-adapted]",154,154,1.0
2F593_ONES,"If seed sum = 31 and combo is a double-double , eliminate combo [ones-adapted]",154,154,1.0
1F594_ONES,"If seed sum = 31 and combo is a triple , eliminate combo [ones-adapted]",154,154,1.0
1F595_ONES,"If seed sum = 32 and combo is a double-double , eliminate combo [ones-adapted]",154,154,1.0
1F596_ONES,"If seed sum = 32 and combo is a triple , eliminate combo [ones-adapted]",154,154,1.0
2F597_ONES,"If seed sum = 33 and combo is a double-double , eliminate combo [ones-adapted]",154,154,1.0
3F598_ONES,"If seed sum = 33 and combo is a triple , eliminate combo [ones-adapted]",154,154,1.0
2F599_ONES,"If seed sum = 34 and combo is a double-double , eliminate combo [ones-adapted]",154,154,1.0
3F600_ONES,"If seed sum = 34 and combo is a triple , eliminate combo [ones-adapted]",154,154,1.0
1F601_ONES,"If seed sum = 34 and combo is a 5 unique digits , eliminate combo [ones-adapted]",154,154,1.0
2F602_ONES,"If seed sum = 35 and combo is a double-double , eliminate combo [ones-adapted]",154,154,1.0
1F603_ONES,"If seed sum = 34 and combo is a only 1 unique shared digit , eliminate combo [ones-adapted]",154,154,1.0
3F604_ONES,"If seed sum = 35 and combo is a triple , eliminate combo [ones-adapted]",154,154,1.0
1F605_ONES,"If seed sum = 35 and combo is a more than 3 unique shared digits , eliminate combo [ones-adapted]",154,154,1.0
1F606_ONES,"If seed sum = 36 and combo is a more than 3 unique shared digits , eliminate combo [ones-adapted]",154,154,1.0
2F607_ONES,"If seed sum = 36 and combo is a triple , eliminate combo [ones-adapted]",154,154,1.0
1F608_ONES,"If seed sum = 36 and combo is a only 1 unique shared digit , eliminate combo [ones-adapted]",154,154,1.0
2F609_ONES,"If seed sum = 37 and combo is a double-double , eliminate combo [ones-adapted]",154,154,1.0
1F610_ONES,"If seed sum = 37 and combo is a only 1 unique shared digit , eliminate combo [ones-adapted]",154,154,1.0
1F611_ONES,"If seed sum = 37 and combo is a triple , eliminate combo [ones-adapted]",154,154,1.0
1F612_ONES,"If seed sum = 38 and combo is a only 1 unique shared digit , eliminate combo [ones-adapted]",154,154,1.0
1F613_ONES,"If seed sum = 38 and combo is a only 2 unique shared digit , eliminate combo [ones-adapted]",154,154,1.0
2F614_ONES,"If seed sum = 38 and combo is a double-double , eliminate combo [ones-adapted]",154,154,1.0
2F615_ONES,"If seed sum = 38 and combo is a triple , eliminate combo [ones-adapted]",154,154,1.0
1F616_ONES,"If seed sum = 39 and combo has only 1 unique shared digit, eliminate combo [ones-adapted]",154,154,1.0
1F617_ONES,"If seed sum = 39 and combo has more than 3 unique shared digits, eliminate combo [ones-adapted]",154,154,1.0
4F618_ONES,"If seed sum = 40 and combo has single, eliminate combo [ones-adapted]",154,154,1.0
2F619_ONES,"If seed sum = 40 and combo has triple, eliminate combo [ones-adapted]",154,154,1.0
0F620_ONES,"If combo sum = 2, eliminate combo [ones-adapted]",154,154,1.0
0F621_ONES,"If combo sum = 3, eliminate combo [ones-adapted]",154,154,1.0
1F622_ONES,"If combo sum = 5, eliminate combo [ones-adapted]",154,154,1.0
7F623_ONES,"If seed sum = 6 and combo has sum < 20, eliminate combo [ones-adapted]",154,154,1.0
5F624_ONES,"If seed sum = 6 and combo has exactly 2 even digits, eliminate combo [ones-adapted]",154,154,1.0
1F625_ONES,"If seed sum = 7 and combo has sum > 38, eliminate combo [ones-adapted]",154,154,1.0
4F626_ONES,"If seed sum = 7 and combo has exactly 1 even digit, eliminate combo [ones-adapted]",154,154,1.0
0F627_ONES,"If seed sum = 7 and combo has exactly 1 odd digit, eliminate combo [ones-adapted]",154,154,1.0
4F628_ONES,"If seed sum = 8 and combo has sum > 25, eliminate combo [ones-adapted]",154,154,1.0
2F629_ONES,"If seed sum = 8 and combo has sum < 13, eliminate combo [ones-adapted]",154,154,1.0
2F630_ONES,"If seed sum = 7 and combo has sum < 12, eliminate combo [ones-adapted]",154,154,1.0
1F631_ONES,"If seed sum = 6 and combo has sum > 31, eliminate combo [ones-adapted]",154,154,1.0
2F632_ONES,"If seed sum = 8 and combo has exactly 1 even digit, eliminate combo [ones-adapted]",154,154,1.0
1F633_ONES,"If seed sum = 8 and combo has exactly 2 even digits, eliminate combo [ones-adapted]",154,154,1.0
0F634_ONES,"If seed sum = 8 and combo has exactly 1 odd digit, eliminate combo [ones-adapted]",154,154,1.0
2F635_ONES,"If seed sum = 9 and combo has sum < 18, eliminate combo [ones-adapted]",154,154,1.0
2F636_ONES,"If seed sum = 9 and combo has sum > 32, eliminate combo [ones-adapted]",154,154,1.0
1F637_ONES,"If seed sum = 9 and combo has exactly 1 odd digit, eliminate combo [ones-adapted]",154,154,1.0
0F638_ONES,"If seed sum = 10 and combo has sum < 6, eliminate combo [ones-adapted]",154,154,1.0
1F639_ONES,"If seed sum = 10 and combo has sum > 35, eliminate combo [ones-adapted]",154,154,1.0
3F640_ONES,"If seed sum = 10 and combo has exactly 1 even digit, eliminate combo [ones-adapted]",154,154,1.0
3F641_ONES,"If seed sum = 11 and combo has sum < 14, eliminate combo [ones-adapted]",154,154,1.0
1F642_ONES,"If seed sum = 11 and combo has sum > 36, eliminate combo [ones-adapted]",154,154,1.0
0F643_ONES,"If seed sum = 11 and combo has exactly 2 odd digits, eliminate combo [ones-adapted]",154,154,1.0
2F644_ONES,"If seed sum = 12 and combo has sum < 10, eliminate combo [ones-adapted]",154,154,1.0
1F645_ONES,"If seed sum = 12 and combo has sum > 37, eliminate combo [ones-adapted]",154,154,1.0
2F646_ONES,"If seed sum = 13 and combo has sum < 9, eliminate combo [ones-adapted]",154,154,1.0
0F647_ONES,"If seed sum = 13 and combo has sum > 42, eliminate combo [ones-adapted]",154,154,1.0
2F648_ONES,"XIf seed sum = 14 and combo has sum < 13, eliminate combo [ones-adapted]",154,154,1.0
2F649_ONES,"If seed sum = 14 and combo has sum > 33, eliminate combo [ones-adapted]",154,154,1.0
1F650_ONES,"If seed sum = 15 and combo has sum < 12, eliminate combo [ones-adapted]",154,154,1.0
3F651_ONES,"If seed sum = 15 and combo has sum > 36, eliminate combo [ones-adapted]",154,154,1.0
0F652_ONES,"If seed sum = 16 and combo has sum < 8, eliminate combo [ones-adapted]",154,154,1.0
2F653_ONES,"If seed sum = 16 and combo has sum > 31, eliminate combo [ones-adapted]",154,154,1.0
1F654_ONES,"If seed sum = 17 and combo has sum < 13, eliminate combo [ones-adapted]",154,154,1.0
2F655_ONES,"If seed sum = 17 and combo has sum > 32, eliminate combo [ones-adapted]",154,154,1.0
0F656_ONES,"If seed sum = 18 and combo has sum < 14, eliminate combo [ones-adapted]",154,154,1.0
2F657_ONES,"If seed sum = 18 and combo has sum > 40, eliminate combo [ones-adapted]",154,154,1.0
0F658_ONES,"If seed sum = 19 and combo has sum < 6, eliminate combo [ones-adapted]",154,154,1.0
2F659_ONES,"If seed sum = 19 and combo has sum > 35, eliminate combo [ones-adapted]",154,154,1.0
1F660_ONES,"If seed sum = 20 and combo has sum < 8, eliminate combo [ones-adapted]",154,154,1.0
2F661_ONES,"If seed sum = 20 and combo has sum > 37, eliminate combo [ones-adapted]",154,154,1.0
0F662_ONES,"If seed sum = 20 and combo has exactly 1 odd digit, eliminate combo [ones-adapted]",154,154,1.0
1F663_ONES,"If seed sum = 21 and combo has sum < 9, eliminate combo [ones-adapted]",154,154,1.0
2F664_ONES,"If seed sum = 21 and combo has sum > 37, eliminate combo [ones-adapted]",154,154,1.0
0F665_ONES,"If seed sum = 21 and combo has exactly 1 odd digit, eliminate combo [ones-adapted]",154,154,1.0
0F666_ONES,"If seed sum = 22 and combo has sum < 11, eliminate combo [ones-adapted]",154,154,1.0
1F667_ONES,"If seed sum = 22 and combo has sum > 35, eliminate combo [ones-adapted]",154,154,1.0
0F668_ONES,"If seed sum = 23 and combo has sum < 11, eliminate combo [ones-adapted]",154,154,1.0
1F669_ONES,"If seed sum = 23 and combo has sum > 39, eliminate combo [ones-adapted]",154,154,1.0
0F670_ONES,"If seed sum = 24 and combo has sum < 10, eliminate combo [ones-adapted]",154,154,1.0
2F671_ONES,"If seed sum = 24 and combo has sum > 37, eliminate combo [ones-adapted]",154,154,1.0
0F672_ONES,"If seed sum = 24 and combo has exactly 1 even digit, eliminate combo [ones-adapted]",154,154,1.0
0F673_ONES,"If seed sum = 25 and combo has sum < 10, eliminate combo [ones-adapted]",154,154,1.0
2F674_ONES,"If seed sum = 25 and combo has sum > 31, eliminate combo [ones-adapted]",154,154,1.0
0F675_ONES,"If seed sum = 25 and combo has exactly 1 even digit, eliminate combo [ones-adapted]",154,154,1.0
1F676_ONES,"If seed sum = 26 and combo has sum < 12, eliminate combo [ones-adapted]",154,154,1.0
3F677_ONES,"If seed sum = 26 and combo has sum > 34, eliminate combo [ones-adapted]",154,154,1.0
0F678_ONES,"If seed sum = 27 and combo has sum < 12, eliminate combo [ones-adapted]",154,154,1.0
2F679_ONES,"If seed sum = 27 and combo has sum > 34, eliminate combo [ones-adapted]",154,154,1.0
2F680_ONES,"If seed sum = 28 and combo has sum > 36, eliminate combo [ones-adapted]",154,154,1.0
0F681_ONES,"If seed sum = 28 and combo has sum < 7, eliminate combo [ones-adapted]",154,154,1.0
0F682_ONES,"If seed sum = 29 and combo has sum < 14, eliminate combo [ones-adapted]",154,154,1.0
3F683_ONES,"If seed sum = 29 and combo has sum > 36, eliminate combo [ones-adapted]",154,154,1.0
0F684_ONES,"If seed sum = 29 and combo has exactly 1 odd digit, eliminate combo [ones-adapted]",154,154,1.0
2F685_ONES,"If seed sum = 30 and combo has sum > 33, eliminate combo [ones-adapted]",154,154,1.0
0F686_ONES,"If seed sum = 30 and combo has sum < 13, eliminate combo [ones-adapted]",154,154,1.0
0F687_ONES,"If seed sum = 31 and combo has sum < 11, eliminate combo [ones-adapted]",154,154,1.0
1F688_ONES,"If seed sum = 31 and combo has sum > 37, eliminate combo [ones-adapted]",154,154,1.0
0F689_ONES,"If seed sum = 32 and combo has sum < 7, eliminate combo [ones-adapted]",154,154,1.0
1F690_ONES,"If seed sum = 32 and combo has sum > 38, eliminate combo [ones-adapted]",154,154,1.0
0F691_ONES,"If seed sum = 33 and combo has sum < 9, eliminate combo [ones-adapted]",154,154,1.0
2F692_ONES,"If seed sum = 33 and combo has sum > 35, eliminate combo [ones-adapted]",154,154,1.0
0F693_ONES,"If seed sum = 36 and combo has exactly 1 odd digit, eliminate combo [ones-adapted]",154,154,1.0
0F694_ONES,"If seed sum = 36 and combo has exactly 1 even digit, eliminate combo [ones-adapted]",154,154,1.0
2F695_ONES,"If seed sum = 36 and combo has exactly 2 odd digits, eliminate combo [ones-adapted]",154,154,1.0
0F696_ONES,"If seed sum = 36 and combo has sum < 19, eliminate combo [ones-adapted]",154,154,1.0
0F697_ONES,"If seed sum = 36 and combo has sum > 31, eliminate combo [ones-adapted]",154,154,1.0
1F698_ONES,"If seed sum = 34 and combo has sum > 30, eliminate combo [ones-adapted]",154,154,1.0
0F699_ONES,"If seed sum = 34 and combo has sum < 8, eliminate combo [ones-adapted]",154,154,1.0
0F700_ONES,"If seed sum = 35 and combo has sum < 11, eliminate combo [ones-adapted]",154,154,1.0
1F701_ONES,"If seed sum = 35 and combo has sum > 29, eliminate combo [ones-adapted]",154,154,1.0
0F702_ONES,"If seed sum = 37 and combo has sum < 15, eliminate combo [ones-adapted]",154,154,1.0
1F703_ONES,"If seed sum = 35 and combo has sum > 27, eliminate combo [ones-adapted]",154,154,1.0
0F704_ONES,"If seed sum = 37 and combo has exactly 1 even digit, eliminate combo [ones-adapted]",154,154,1.0
1F705_ONES,"If seed sum = 37 and combo has exactly 2 odd digits, eliminate combo [ones-adapted]",154,154,1.0
0F706_ONES,"If seed sum = 36 and combo has sum < 19, eliminate combo [ones-adapted]",154,154,1.0
2F707_ONES,"If seed sum = 38 and combo has sum > 31, eliminate combo [ones-adapted]",154,154,1.0
3F708_ONES,"If seed sum = 38 and combo has sum > 23, eliminate combo [ones-adapted]",154,154,1.0
2F709_ONES,"If seed sum = 39 and combo has sum > 35, eliminate combo [ones-adapted]",154,154,1.0
0F710_ONES,"If seed sum = 39 and combo has sum < 16, eliminate combo [ones-adapted]",154,154,1.0
1F711_ONES,"If seed sum = 40 and combo has sum > 33, eliminate combo [ones-adapted]",154,154,1.0
0F712_ONES,"If seed sum = 40 and combo has sum < 14, eliminate combo [ones-adapted]",154,154,1.0
0F713_ONES,"If seed sum = 40 and combo has exactly 1 odd digit, eliminate combo [ones-adapted]",154,154,1.0
1F714_ONES,"If seed sum = 39 and combo has exactly 1 even digit, eliminate combo [ones-adapted]",154,154,1.0
1F715_ONES,"If seed sum = 38 and combo has exactly 1 even digit, eliminate combo [ones-adapted]",154,154,1.0
0F716_ONES,"If seed sum = 38 and combo has exactly 2 odd digits, eliminate combo [ones-adapted]",154,154,1.0
1F717_ONES,"If seed sum = 37 and combo has exactly 1 even digit, eliminate combo [ones-adapted]",154,154,1.0
1F718_ONES,"If seed sum = 37 and combo has exactly 2 odd digits, eliminate combo [ones-adapted]",154,154,1.0
NO69F314R_ONES,Keep only combos where sum not within ±15 of seed sum [ones-adapted],154,154,1.0
NO70F315R_ONES,Keep only combos where sum not within ±14 of seed sum [ones-adapted],154,154,1.0
NO101F316R_ONES,XKeep only combos where sum not within ±13 of seed sum [ones-adapted],154,154,1.0
NO172F550S_ONES,XEliminate Singles with mirror digits and fewer than 4 digits ≤ 4 [ones-adapted],154,154,1.0
NO21F551S_ONES,Eliminate Singles without any mirror digits [ones-adapted],154,154,1.0
29F550DD_ONES,Eliminate Double-Doubles that contain mirror digits [ones-adapted],154,154,1.0
NO142F551D_ONES,XEliminate Doubles without any mirror digits [ones-adapted],154,154,1.0
1F719_ONES,Eliminate Singles with 5 consecutive digits [ones-adapted],154,154,1.0
NO78F720_ONES,Eliminate combos containing more than 3 digits from the seed [ones-adapted],154,154,1.0
NO110F721_ONES,Eliminate combos containing more than 2 distinct digits from the seed [ones-adapted],154,154,1.0
87F722_ONES,Eliminate if combo shares 2 or more digits with shared digits of last 2 draws [ones-adapted],154,154,1.0
F723_ONES,Eliminate If seed sum last digit equals combo sum last digit [ones-adapted],154,154,1.0
F725_ONES,Eliminate If combo root sum  =seed root sum [ones-adapted],154,154,1.0
F726_ONES," ""Eliminate if spread of seed = combo root sum"" [ones-adapted]",154,154,1.0
F727_ONES,"Eliminate If (abs(combo_sum - round((seed_sum**0.5) * 1.5, 2)) <= 2) [ones-adapted]",154,154,1.0
F728_ONES,"Eliminate If (abs(combo_sum - round((seed_sum**0.5) * 2.0, 2)) <= 2) [ones-adapted]",154,154,1.0
F729_ONES,"NO Eliminate If (abs(combo_sum - round((seed_sum**0.5) * 2.5, 2)) <= 2) [ones-adapted]",154,154,1.0
F730_ONES,"Eliminate If (abs(combo_sum - round((seed_sum**0.5) * 3.0, 2)) <= 2) [ones-adapted]",154,154,1.0
F724C_ONES,Eliminate If (seed root/3 is integer & in combo) [ones-adapted],154,154,1.0
NEWF725_ONES,"Eliminate IF combo has neither 5,8 nor 5 [ones-adapted]",154,154,1.0
PB_ONES_REQUIRE_HOT,Eliminate if no HOT digit present (N=5 window recommended),154,154,1.0
PB_ONES_REQUIRE_DUE,Eliminate if no DUE digit present (m=2 recommended),154,154,1.0
PB_ONES_SEED23_ELIM_NOT_3E2O,"If seed ones is 2E-3O, eliminate ones patterns not 3E-2O (aggressive)",45,35,0.7777777777777778
PB_ONES_SEED23_ELIM_ODD_SUM,"If seed ones is 2E-3O, eliminate odd-sum ones next (prefer even)",45,26,0.5777777777777777
PB_ONES_KEEP_P30_P70,Eliminate if Ones-Sum NOT in P30–P70 (19–25),154,87,0.564935064935065
PB_ONES_RANGE_6_8,"Eliminate if Ones-Range NOT in [6,8]",154,63,0.4090909090909091
PB_ONES_PARITY_MAJORS_ONLY,"Eliminate if not in parity majors {3E-2O, 2E-3O} (optional)",154,62,0.4025974025974026
PB_ONES_SEED32_ELIM_NOT_MAJORS,"If seed ones is 3E-2O, eliminate ones patterns not in {3E-2O, 2E-3O} (aggressive)",46,18,0.391304347826087
PB_ONES_KEEP_P20_P80,Eliminate if Ones-Sum NOT in P20–P80 (17–26),154,53,0.34415584415584416
PB_ONES_SEED41_ELIM_ODD_SUM,"If seed ones is 4E-1O, eliminate odd-sum ones next (prefer even)",23,7,0.30434782608695654
PB_ONES_SEED41_ELIM_NOT_TOP2,"If seed ones is 4E-1O, eliminate ones patterns not in {3E-2O, 2E-3O} (aggressive)",23,7,0.30434782608695654
PB_ONES_UNIQUE_LT4,Eliminate if Ones-Unique < 4 (aggressive),154,36,0.23376623376623376
PB_ONES_SEED41_ELIM_TAILS,"If seed ones is 4E-1O, eliminate ones tail patterns (1E-4O, 5E-0O)",23,5,0.21739130434782608
PB_ONES_SEED32_ELIM_TAILS,"If seed ones is 3E-2O, eliminate ones tail patterns (1E-4O, 5E-0O)",46,9,0.1956521739130435
PB_ONES_LOWCOUNT_2_4,"Eliminate if Low(0–4) count NOT in [2,4]",154,29,0.18831168831168832
F724_ONES,Eliminate seed-root/3 in combo [ones-adapted],154,28,0.18181818181818182
PB_ONES_KEEP_P10_P90,Eliminate if Ones-Sum NOT in P10–P90 (15–29),154,27,0.17532467532467533
PB_ONES_HIGHTAIL_GT_P90,Eliminate if Ones-Sum > P90 (29),154,15,0.09740259740259741
PB_ONES_LOWTAIL_LT_P10,Eliminate if Ones-Sum < P10 (15),154,12,0.07792207792207792
PB_ONES_CARRYOVER_GE1,Eliminate if no carryover from seed-ones (≥1 shared),154,11,0.07142857142857142
PB_ONES_NO_TRIPLES,Eliminate if any digit repeats ≥3 (no triples),154,10,0.06493506493506493
PB_ONES_UNIQUE_LT3,Eliminate if Ones-Unique < 3 (very rare),154,1,0.006493506493506494
NO367F550_ONES,DNUEliminate if combo contains mirror digits and has fewer than 4 digits ≤ 4 [ones-adapted],154,0,0.0
346F551_ONES,DNUEliminate if combo contains mirror digits and not all digits are odd [ones-adapted],154,0,0.0
PB_ONES_MAX_TWO_PAIRS,Eliminate if more than two distinct pairs (rare/degenerate),154,0,0.0
